,AMD,CRM,FB,GOOGL,MSFT,NFLX,NVDA,TMUS,TSLA,TWTR
20160102,0.0008252381812781096,0.0003310229512862861,-0.0001729593932395801,0.0005752817960456014,-0.0004547018907032907,0.005465956870466471,0.001515301177278161,0.002496578963473439,0.0013828403316438198,-0.0005923326825723052
20160103,0.0008252381812781096,0.0003310229512862861,-0.0001729593932395801,0.0005752817960456014,-0.0004547018907032907,0.005465956870466471,0.001515301177278161,0.002496578963473439,0.0013828403316438198,-0.0005923326825723052
20160104,0.02929954044520855,-0.011575947515666485,-0.010238613933324814,-0.0032337328884750605,-0.01421764213591814,0.08788535743951797,-0.01527335587888956,0.03196806460618973,0.08105660229921341,0.027591507881879807
20160105,0.01728738285601139,0.010665436275303364,0.0178822074085474,-0.005636140704154968,0.0010262704454362392,0.006194142624735832,-0.023602759465575218,-0.015294021926820278,0.029847780242562294,0.016830340027809143
20160106,-0.03670966252684593,-0.024817556142807007,-0.04766523465514183,0.05698208510875702,-0.053926363587379456,0.048647068440914154,0.006944418419152498,0.030790608376264572,-0.01651523821055889,-0.0013601346872746944
20160107,0.00762055953964591,-0.021547041833400726,-0.046973664313554764,0.01271497830748558,-0.07323450595140457,0.11725933849811554,-0.048873018473386765,0.05139334499835968,0.06264030933380127,0.040420349687337875
20160108,-0.0020625211764127016,-0.003036344423890114,-0.018862679600715637,0.011941418051719666,-0.03806126117706299,0.06257803738117218,-0.013372322544455528,0.035439442843198776,0.038616470992565155,0.013308385387063026
20160109,0.0008252381812781096,0.0003310229512862861,-0.0001729593932395801,0.0005752817960456014,-0.0004547018907032907,0.005465956870466471,0.001515301177278161,0.002496578963473439,0.0013828403316438198,-0.0005923326825723052
20160110,0.0008252381812781096,0.0003310229512862861,-0.0001729593932395801,0.0005752817960456014,-0.0004547018907032907,0.005465956870466471,0.001515301177278161,0.002496578963473439,0.0013828403316438198,-0.0005923326825723052
20160111,0.04273635149002075,-0.011294739320874214,0.0025095513556152582,-0.005843020975589752,0.034646980464458466,-0.03788721561431885,0.03973929584026337,-0.04061919078230858,-0.01370995119214058,0.006834874395281076
20160112,-0.004089898429811001,0.011091775260865688,0.014359302818775177,0.000196770706679672,0.018376020714640617,-0.03773694112896919,0.005332574713975191,-0.020462967455387115,-0.012899558991193771,-0.011440984904766083
20160113,0.03656455874443054,-0.018203191459178925,-0.03756987303495407,-0.002660892903804779,-0.057438239455223083,0.12121237814426422,-0.031040657311677933,0.06283323466777802,0.10420118272304535,0.04425372928380966
20160114,-0.03646529093384743,0.018463924527168274,-0.001400189008563757,0.006741205230355263,-0.012010551989078522,-0.02203906513750553,-0.007215218152850866,-0.018044959753751755,-0.05056179687380791,-0.020308567211031914
20160115,0.01300582755357027,-0.037731144577264786,-0.07592546939849854,0.029262907803058624,-0.09357473254203796,0.11030057817697525,-0.020050859078764915,0.07275723665952682,0.047878798097372055,0.03642064332962036
20160116,0.0008252381812781096,0.0003310229512862861,-0.0001729593932395801,0.0005752817960456014,-0.0004547018907032907,0.005465956870466471,0.001515301177278161,0.002496578963473439,0.0013828403316438198,-0.0005923326825723052
20160117,0.0008252381812781096,0.0003310229512862861,-0.0001729593932395801,0.0005752817960456014,-0.0004547018907032907,0.005465956870466471,0.001515301177278161,0.002496578963473439,0.0013828403316438198,-0.0005923326825723052
20160118,0.0008252381812781096,0.0003310229512862861,-0.0001729593932395801,0.0005752817960456014,-0.0004547018907032907,0.005465956870466471,0.001515301177278161,0.002496578963473439,0.0013828403316438198,-0.0005923326825723052
20160119,0.021089859306812286,-0.009641358628869057,-0.019292745739221573,0.037198785692453384,-0.03335754573345184,0.005724262911826372,-0.0029818066395819187,0.007619923911988735,0.03663650155067444,0.024880563840270042
20160120,-0.035676367580890656,0.00928043294698,0.00940869003534317,0.006521894596517086,-0.0009130036924034357,0.04610057175159454,-0.010250239633023739,0.0479094460606575,0.02599596232175827,-0.01836496591567993
20160121,0.07691799849271774,-0.006594307720661163,0.021650731563568115,-0.05196312442421913,0.07730928063392639,-0.06547142565250397,0.03374113887548447,-0.045804597437381744,-0.0269582811743021,-0.000996859627775848
20160122,-0.03187709301710129,0.036587003618478775,0.028992734849452972,0.0030700538773089647,0.005038082133978605,-0.03279599919915199,-0.021814003586769104,-0.015270053409039974,0.004080859944224358,-0.018202142789959908
20160123,0.0008252381812781096,0.0003310229512862861,-0.0001729593932395801,0.0005752817960456014,-0.0004547018907032907,0.005465956870466471,0.001515301177278161,0.002496578963473439,0.0013828403316438198,-0.0005923326825723052
20160124,0.0008252381812781096,0.0003310229512862861,-0.0001729593932395801,0.0005752817960456014,-0.0004547018907032907,0.005465956870466471,0.001515301177278161,0.002496578963473439,0.0013828403316438198,-0.0005923326825723052
20160125,0.07281734049320221,-0.018458064645528793,-0.001192021882161498,-0.005047617480158806,0.007263012230396271,0.02013741061091423,0.013643251731991768,-0.016622111201286316,0.042101554572582245,0.03992055356502533
20160126,0.0009605438099242747,0.012989071197807789,0.024447128176689148,-0.007861924357712269,0.01001040544360876,0.01923738233745098,-0.024589313194155693,-0.009625301696360111,0.021038595587015152,0.006074871867895126
20160127,0.06533916294574738,-0.019990645349025726,-0.011889351531863213,-0.020485268905758858,-0.0011041590478271246,0.05395961180329323,0.0019212490878999233,0.024375371634960175,0.05324811860918999,0.03238828480243683
20160128,0.045070718973875046,-0.017701972275972366,0.002393527189269662,0.07022974640130997,0.007294993847608566,-0.09310013055801392,0.03580979257822037,-0.031417861580848694,-0.08010350912809372,-0.009667305275797844
20160129,-0.00928427092730999,0.05194684863090515,0.06770642846822739,-0.034473784267902374,0.055218614637851715,-0.06482728570699692,-0.004179602023214102,-0.06513169407844543,-0.001177147962152958,-0.015400765463709831
20160130,0.0008252381812781096,0.0003310229512862861,-0.0001729593932395801,0.0005752817960456014,-0.0004547018907032907,0.005465956870466471,0.001515301177278161,0.002496578963473439,0.0013828403316438198,-0.0005923326825723052
20160131,0.0008252381812781096,0.0003310229512862861,-0.0001729593932395801,0.0005752817960456014,-0.0004547018907032907,0.005465956870466471,0.001515301177278161,0.002496578963473439,0.0013828403316438198,-0.0005923326825723052
20160201,-0.049308422952890396,0.0028618068899959326,0.007519116159528494,0.005877403542399406,0.013495421968400478,-0.01999686285853386,0.0021413371432572603,0.015383567661046982,-0.06854955852031708,-0.042460501194000244
20160202,0.09356965869665146,-0.04080412536859512,-0.06015053391456604,0.043511562049388885,-0.05172436684370041,0.07568604499101639,-0.0155488895252347,0.04893944412469864,0.10154853016138077,0.05835524573922157
20160203,-0.007764582056552172,-0.009959571994841099,0.00796172209084034,-0.020734088495373726,0.023643668740987778,0.04477508366107941,0.0273969117552042,0.01970641314983368,0.02890150249004364,-0.0097647188231349
20160204,-0.04391827434301376,0.010037013329565525,0.004606195259839296,-0.021846311166882515,-0.006335263140499592,0.03003442846238613,-0.008908380754292011,0.0038037411868572235,-0.003735647303983569,-0.01302571501582861
20160205,0.1555277407169342,-0.07026032358407974,-0.07322264462709427,0.028973696753382683,-0.0677180141210556,0.1472775787115097,0.01483440026640892,0.08905179798603058,0.11537360399961472,0.0967770665884018
20160206,0.0008252381812781096,0.0003310229512862861,-0.0001729593932395801,0.0005752817960456014,-0.0004547018907032907,0.005465956870466471,0.001515301177278161,0.002496578963473439,0.0013828403316438198,-0.0005923326825723052
20160207,0.0008252381812781096,0.0003310229512862861,-0.0001729593932395801,0.0005752817960456014,-0.0004547018907032907,0.005465956870466471,0.001515301177278161,0.002496578963473439,0.0013828403316438198,-0.0005923326825723052
20160208,0.09414272755384445,-0.041497062891721725,-0.04807650297880173,0.028249533846974373,-0.019525820389389992,0.07734978199005127,0.022871915251016617,0.04097370430827141,0.07983678579330444,0.0504162535071373
20160209,-0.061796389520168304,0.01417851634323597,-0.010756710544228554,0.009203962050378323,-0.02576037310063839,0.006508118938654661,-0.008932318538427353,0.0016098349587991834,0.020399920642375946,-0.015974055975675583
20160210,-0.05880463495850563,0.017464257776737213,0.015262849628925323,-0.0009240795625373721,0.02011682279407978,0.007283482234925032,-0.007486655842512846,0.0029979837127029896,-0.011646457016468048,-0.03743799775838852
20160211,0.013628581538796425,-0.00298689934425056,-0.02337753213942051,0.008511601015925407,-0.03973913937807083,-0.00864977203309536,-0.003438953310251236,-0.0026312200352549553,-0.0033078507985919714,0.016637086868286133
20160212,-0.06428686529397964,0.02530308999121189,0.04704238101840019,-0.02467326447367668,0.0493999645113945,-0.0041420613415539265,-0.0016577417263761163,0.004692908376455307,-0.051869433373212814,-0.05035090073943138
20160213,0.0008252381812781096,0.0003310229512862861,-0.0001729593932395801,0.0005752817960456014,-0.0004547018907032907,0.005465956870466471,0.001515301177278161,0.002496578963473439,0.0013828403316438198,-0.0005923326825723052
20160214,0.0008252381812781096,0.0003310229512862861,-0.0001729593932395801,0.0005752817960456014,-0.0004547018907032907,0.005465956870466471,0.001515301177278161,0.002496578963473439,0.0013828403316438198,-0.0005923326825723052
20160215,0.0008252381812781096,0.0003310229512862861,-0.0001729593932395801,0.0005752817960456014,-0.0004547018907032907,0.005465956870466471,0.001515301177278161,0.002496578963473439,0.0013828403316438198,-0.0005923326825723052
20160216,-0.0026362803764641285,0.023271145299077034,0.050726328045129776,-0.009920659475028515,0.0375882163643837,-0.03517399728298187,-0.004388364963233471,-0.01963585615158081,-0.01180183980613947,-0.006980447564274073
20160217,-0.09975085407495499,0.03247584402561188,0.02339615672826767,-0.003144391579553485,0.021672546863555908,-0.09744564443826675,0.022356873378157616,-0.03633652627468109,-0.12013182789087296,-0.06784377992153168
20160218,0.04977288842201233,0.004169740714132786,0.0720716267824173,-0.024033311754465103,0.06062901020050049,0.010419705882668495,0.015883831307291985,0.03617596626281738,0.05790956690907478,0.00967338401824236
20160219,0.0071635921485722065,-0.005178623367100954,-0.010973367840051651,0.010403046384453773,-0.004496665671467781,-0.007165623363107443,0.0167996808886528,0.03057970106601715,0.021169541403651237,-0.007062462158501148
20160220,0.0008252381812781096,0.0003310229512862861,-0.0001729593932395801,0.0005752817960456014,-0.0004547018907032907,0.005465956870466471,0.001515301177278161,0.002496578963473439,0.0013828403316438198,-0.0005923326825723052
20160221,0.0008252381812781096,0.0003310229512862861,-0.0001729593932395801,0.0005752817960456014,-0.0004547018907032907,0.005465956870466471,0.001515301177278161,0.002496578963473439,0.0013828403316438198,-0.0005923326825723052
20160222,-0.01103880163282156,0.01651330664753914,0.02746875025331974,-0.0025905801448971033,0.015842024236917496,-0.07349618524312973,0.012963229790329933,-0.048078540712594986,-0.054758716374635696,-0.009860876016318798
20160223,0.01972324401140213,-0.013809015043079853,-0.0017163180746138096,-0.0069276560097932816,-0.007142307236790657,0.0463019534945488,-0.0168644767254591,0.027702361345291138,0.02511889487504959,0.014516734518110752
20160224,0.024279601871967316,-0.004199568647891283,0.00765194883570075,0.008888918906450272,0.009135877713561058,-0.023900479078292847,0.013786453753709793,-0.02666342258453369,-0.017227837815880775,0.00989906582981348
20160225,-0.12552186846733093,0.04561563581228256,-0.0028915812727063894,-0.01316120009869337,-0.024888619780540466,-0.033115487545728683,-0.04057031869888306,-0.043366242200136185,-0.0330277755856514,-0.04554566368460655
20160226,-0.01025808323174715,-0.01087698619812727,-0.01492471992969513,-0.0011150939390063286,-0.002031590323895216,-0.00016711745411157608,0.016833404079079628,0.016728010028600693,-0.025038717314600945,-0.014438703656196594
20160227,0.0008252381812781096,0.0003310229512862861,-0.0001729593932395801,0.0005752817960456014,-0.0004547018907032907,0.005465956870466471,0.001515301177278161,0.002496578963473439,0.0013828403316438198,-0.0005923326825723052
20160228,0.0008252381812781096,0.0003310229512862861,-0.0001729593932395801,0.0005752817960456014,-0.0004547018907032907,0.005465956870466471,0.001515301177278161,0.002496578963473439,0.0013828403316438198,-0.0005923326825723052
20160229,0.03905262053012848,-0.015843704342842102,-0.0036675543524324894,-0.0068807220086455345,0.006527031306177378,0.008024957031011581,0.01782543770968914,0.0027650336269289255,-0.011629869230091572,0.013020508922636509
20160301,-0.007355368230491877,0.033032696694135666,0.04995657876133919,0.002680519362911582,0.05234702676534653,-0.061487067490816116,0.002626355504617095,-0.053660910576581955,0.015857785940170288,-0.013469687663018703
20160302,0.00036950246430933475,0.005770379211753607,0.01836884766817093,-0.02491857297718525,0.03518405556678772,-0.02495296113193035,0.019275253638625145,-0.021340470761060715,-0.034010495990514755,-0.01596151664853096
20160303,-0.01225158292800188,-0.006434350740164518,-0.0009174387087114155,-0.020480116829276085,0.015547959133982658,-0.0183805413544178,0.016674969345331192,-0.01409593503922224,-0.06537329405546188,-0.01831650733947754
20160304,-0.03061795048415661,-0.00464034965261817,-0.01833510212600231,0.020565906539559364,-0.029460683465003967,0.01228427141904831,0.005254832562059164,0.023354236036539078,-0.01873299479484558,-0.007467936258763075
20160305,0.0008252381812781096,0.0003310229512862861,-0.0001729593932395801,0.0005752817960456014,-0.0004547018907032907,0.005465956870466471,0.001515301177278161,0.002496578963473439,0.0013828403316438198,-0.0005923326825723052
20160306,0.0008252381812781096,0.0003310229512862861,-0.0001729593932395801,0.0005752817960456014,-0.0004547018907032907,0.005465956870466471,0.001515301177278161,0.002496578963473439,0.0013828403316438198,-0.0005923326825723052
20160307,0.031757380813360214,-0.009794264100492,-0.007034083362668753,-0.028837474063038826,-0.008803701028227806,0.030792206525802612,-0.0118165398016572,0.0018484462052583694,0.012039913795888424,0.02165229618549347
20160308,-0.0011549456976354122,0.0023960520047694445,-0.016875309869647026,0.026761028915643692,-0.0440511479973793,0.041693005710840225,-0.019456887617707253,0.01025792770087719,0.0324704609811306,0.021145137026906013
20160309,-0.015284399501979351,0.011818734928965569,-0.016249656677246094,0.024106398224830627,-0.03389394283294678,-0.02374800108373165,0.004289042670279741,-0.005521936342120171,-0.004566248506307602,0.00048265125951729715
20160310,0.041041236370801926,-0.013333439826965332,-0.02222561277449131,0.014715797267854214,-0.016788437962532043,0.010054083541035652,-0.0013062752550467849,0.009176891297101974,0.046298980712890625,0.02374044805765152
20160311,0.029917405918240547,0.010776050388813019,0.02683277800679207,-0.024802708998322487,0.05724400281906128,-0.07789770513772964,0.03297719359397888,-0.058742716908454895,-0.03737162426114082,-0.011289801448583603
20160312,0.0008252381812781096,0.0003310229512862861,-0.0001729593932395801,0.0005752817960456014,-0.0004547018907032907,0.005465956870466471,0.001515301177278161,0.002496578963473439,0.0013828403316438198,-0.0005923326825723052
20160313,0.0008252381812781096,0.0003310229512862861,-0.0001729593932395801,0.0005752817960456014,-0.0004547018907032907,0.005465956870466471,0.001515301177278161,0.002496578963473439,0.0013828403316438198,-0.0005923326825723052
20160314,0.008519112132489681,-0.001857553143054247,-0.0016131369629874825,-0.013318759389221668,0.02112465351819992,-0.05043164640665054,0.030184796079993248,-0.02208084985613823,-0.04990792274475098,-0.014220256358385086
20160315,5.1542127039283514e-05,0.00039712688885629177,-0.022086095064878464,0.036375194787979126,-0.06271451711654663,0.03602978587150574,-0.019955825060606003,0.02682080864906311,0.03621183708310127,0.025179434567689896
20160316,-0.0014246536884456873,0.01366316620260477,0.034129176288843155,-0.015045206993818283,0.0449080765247345,-0.051937852054834366,0.021302029490470886,-0.030126232653856277,-0.031789589673280716,-0.018685143440961838
20160317,0.011853697709739208,-0.00014390682918019593,-0.0018060366855934262,-0.016255225986242294,0.014802811667323112,-0.023325994610786438,0.017515329644083977,-0.026400204747915268,-0.033311132341623306,-0.002349524525925517
20160318,0.02896037884056568,-0.014712750911712646,0.009231990203261375,0.00018537516007199883,0.018449457362294197,-0.02922031283378601,0.02424752339720726,-0.0025566741824150085,-0.015560803934931755,0.0035298417787998915
20160319,0.0008252381812781096,0.0003310229512862861,-0.0001729593932395801,0.0005752817960456014,-0.0004547018907032907,0.005465956870466471,0.001515301177278161,0.002496578963473439,0.0013828403316438198,-0.0005923326825723052
20160320,0.0008252381812781096,0.0003310229512862861,-0.0001729593932395801,0.0005752817960456014,-0.0004547018907032907,0.005465956870466471,0.001515301177278161,0.002496578963473439,0.0013828403316438198,-0.0005923326825723052
20160321,-0.011805383488535881,0.0076593635603785515,0.0016015981091186404,0.010274623520672321,-0.01706472784280777,0.0065923151560127735,-0.015603476203978062,0.010797951370477676,-0.006401922553777695,-0.00037370523205026984
20160322,-0.005979466717690229,0.005244000814855099,0.0016556931659579277,-0.003287198022007942,0.0003687086282297969,0.015225164592266083,-0.0028536561876535416,0.004418091848492622,0.01761055365204811,-0.0031743021681904793
20160323,0.04223094880580902,-0.006555084604769945,0.004649076610803604,0.021179387345910072,-0.008562960661947727,0.03661198541522026,-0.0020353151485323906,0.01816597394645214,0.07998193055391312,0.031020348891615868
20160324,0.007619989104568958,0.0024666686076670885,0.00032380735501646996,-0.009417169727385044,0.0005320971831679344,-0.015797369182109833,0.007789286319166422,-0.016842234879732132,-0.014625705778598785,0.0017663209000602365
20160325,0.0008252381812781096,0.0003310229512862861,-0.0001729593932395801,0.0005752817960456014,-0.0004547018907032907,0.005465956870466471,0.001515301177278161,0.002496578963473439,0.0013828403316438198,-0.0005923326825723052
20160326,0.0008252381812781096,0.0003310229512862861,-0.0001729593932395801,0.0005752817960456014,-0.0004547018907032907,0.005465956870466471,0.001515301177278161,0.002496578963473439,0.0013828403316438198,-0.0005923326825723052
20160327,0.0008252381812781096,0.0003310229512862861,-0.0001729593932395801,0.0005752817960456014,-0.0004547018907032907,0.005465956870466471,0.001515301177278161,0.002496578963473439,0.0013828403316438198,-0.0005923326825723052
20160328,0.017115863040089607,-0.013016052544116974,-0.0037477752193808556,0.01843404956161976,-0.007653838489204645,-0.00237073702737689,0.01158768031746149,0.002553062979131937,-0.002889021998271346,0.010811343789100647
20160329,-0.0015158820897340775,0.01658264733850956,0.03595559671521187,-0.006794299930334091,0.042696043848991394,-0.042485736310482025,0.008091085590422153,-0.04180775582790375,-0.03215980529785156,-0.013857083395123482
20160330,-0.036159127950668335,0.02021186426281929,0.012943750247359276,-0.021069360896945,0.015920201316475868,0.009726752527058125,-0.01200773473829031,0.009277509525418282,0.01878780871629715,-0.023115862160921097
20160331,-0.004027317278087139,-0.0007118639186955988,-0.0017624590545892715,0.0005851499154232442,-0.007491805590689182,0.01140308566391468,0.005377713590860367,0.006673427298665047,-0.011323750950396061,-0.0003355355001986027
20160401,-0.01691596396267414,0.010219248943030834,0.004511919338256121,0.014900685288012028,-0.015613071620464325,-0.02573005110025406,-0.009095321409404278,-0.025991689413785934,-0.014559553936123848,0.002261500107124448
20160402,0.0008252381812781096,0.0003310229512862861,-0.0001729593932395801,0.0005752817960456014,-0.0004547018907032907,0.005465956870466471,0.001515301177278161,0.002496578963473439,0.0013828403316438198,-0.0005923326825723052
20160403,0.0008252381812781096,0.0003310229512862861,-0.0001729593932395801,0.0005752817960456014,-0.0004547018907032907,0.005465956870466471,0.001515301177278161,0.002496578963473439,0.0013828403316438198,-0.0005923326825723052
20160404,-0.044008996337652206,0.008463019505143166,0.0023695172276347876,-0.026010237634181976,0.004766983445733786,0.014483772218227386,-0.008819082751870155,0.01631511002779007,-0.049573373049497604,-0.027385057881474495
20160405,0.004551852587610483,-0.015322797000408173,-0.01691395603120327,0.01666129380464554,-0.028627991676330566,0.015681752935051918,0.004886392503976822,0.026217922568321228,-0.014839431270956993,0.007544439751654863
20160406,-0.017916666343808174,0.010310466401278973,0.00010126736015081406,-0.0021412421483546495,-0.0012829229235649109,-0.031133808195590973,0.002199404174461961,-0.009904084727168083,-0.0369996502995491,-0.015715466812253
20160407,-0.007584657985717058,-0.007798959035426378,-0.014970650896430016,0.0164350476115942,-0.025981439277529716,0.054040439426898956,-0.011367380619049072,0.03477311506867409,0.03925931826233864,0.006275408435612917
20160408,0.0353214405477047,-0.0017060593236237764,0.004288444761186838,-0.013291127979755402,0.017573287710547447,0.010550316423177719,0.00734153063967824,-0.008249025791883469,0.03850306198000908,0.01623828522861004
20160409,0.0008252381812781096,0.0003310229512862861,-0.0001729593932395801,0.0005752817960456014,-0.0004547018907032907,0.005465956870466471,0.001515301177278161,0.002496578963473439,0.0013828403316438198,-0.0005923326825723052
20160410,0.0008252381812781096,0.0003310229512862861,-0.0001729593932395801,0.0005752817960456014,-0.0004547018907032907,0.005465956870466471,0.001515301177278161,0.002496578963473439,0.0013828403316438198,-0.0005923326825723052
20160411,0.02072843722999096,-0.001883239485323429,0.0019079761113971472,-0.0046599386259913445,0.0007600577082484961,0.012426845729351044,0.00022550893481820822,0.004421415738761425,0.018717659637331963,0.011944074183702469
20160412,0.00023229233920574188,-0.0013417417649179697,0.004449151456356049,0.01019999198615551,0.01626398228108883,-0.021869836375117302,0.02000904642045498,-0.018792137503623962,-0.02341848984360695,-0.008432578295469284
20160413,-0.048561181873083115,0.019487112760543823,0.021014481782913208,-0.004901929758489132,0.018642885610461235,-0.02729414775967598,0.008283109404146671,0.004813308361917734,-0.03198923543095589,-0.034348972141742706
20160414,-0.014940612949430943,0.0035067470744252205,0.0016875024884939194,0.0068282876163721085,-0.0006485542398877442,0.012648701667785645,-0.003027020487934351,0.015961211174726486,0.007944588549435139,-0.009356887079775333
20160415,-0.007230523508042097,0.008003590628504753,0.007140847854316235,-0.0017096733208745718,0.001567923929542303,0.00042369216680526733,-0.005963820032775402,-0.0025208997540175915,-0.0010062060318887234,-0.001379624241963029
20160416,0.0008252381812781096,0.0003310229512862861,-0.0001729593932395801,0.0005752817960456014,-0.0004547018907032907,0.005465956870466471,0.001515301177278161,0.002496578963473439,0.0013828403316438198,-0.0005923326825723052
20160417,0.0008252381812781096,0.0003310229512862861,-0.0001729593932395801,0.0005752817960456014,-0.0004547018907032907,0.005465956870466471,0.001515301177278161,0.002496578963473439,0.0013828403316438198,-0.0005923326825723052
20160418,0.005302459467202425,0.012705465778708458,0.0003319388488307595,-0.010604066774249077,0.0021687562111765146,-0.009233025833964348,-0.00635467329993844,-0.014858539216220379,0.012025491334497929,-0.0001000234333332628
20160419,0.02823653630912304,0.007162473630160093,0.00039632414700463414,-0.019953053444623947,-0.027030542492866516,0.07400047034025192,-0.056400611996650696,0.02729378640651703,0.07140015065670013,0.025705792009830475
20160420,-0.002582941437140107,-0.008881889283657074,0.0054295421577990055,-0.004415671341121197,0.022092297673225403,-0.013961723074316978,0.016968034207820892,-0.005148534197360277,-0.037044573575258255,-0.013802732340991497
20160421,-0.0234842449426651,0.01121193915605545,0.0010886149248108268,-0.0012118070153519511,-0.005093758460134268,0.013530395925045013,-0.0166719201952219,0.014037535525858402,0.012348057702183723,-0.01274833083152771
20160422,0.20906877517700195,-0.08060525357723236,0.007818717509508133,-0.10833374410867691,0.1580759882926941,-0.14741556346416473,0.14722603559494019,-0.17929889261722565,-0.12279684096574783,0.040260713547468185
20160423,0.0008252381812781096,0.0003310229512862861,-0.0001729593932395801,0.0005752817960456014,-0.0004547018907032907,0.005465956870466471,0.001515301177278161,0.002496578963473439,0.0013828403316438198,-0.0005923326825723052
20160424,0.0008252381812781096,0.0003310229512862861,-0.0001729593932395801,0.0005752817960456014,-0.0004547018907032907,0.005465956870466471,0.001515301177278161,0.002496578963473439,0.0013828403316438198,-0.0005923326825723052
20160425,-0.03996618092060089,0.019683685153722763,0.0035668027121573687,0.016711648553609848,-0.041534364223480225,0.06471560895442963,-0.056642964482307434,0.04668904468417168,0.053199879825115204,0.002508485224097967
20160426,0.008422606624662876,-0.015575671568512917,-0.006360611878335476,-0.01515384390950203,0.015023854561150074,0.0019566842820495367,0.04072776064276695,0.018603991717100143,-0.02038763277232647,-0.011493494734168053
20160427,0.10855545103549957,-0.01673196069896221,-0.013957833871245384,0.025818923488259315,-0.04288976639509201,0.011408524587750435,-0.01136518083512783,-0.030395667999982834,0.10560552030801773,0.08659602701663971
20160428,0.0032298911828547716,-0.025659212842583656,-0.019871871918439865,0.030986445024609566,-0.02932082675397396,0.028009776026010513,0.005754463374614716,0.012309414334595203,-0.019757196307182312,0.0017637192504480481
20160429,-0.0128128407523036,-0.0004872336867265403,-0.014355940744280815,0.005695960484445095,-0.006370326969772577,0.020155759528279305,-0.0009033485548570752,0.014136194251477718,0.012260351330041885,-0.009826146066188812
20160430,0.0008252381812781096,0.0003310229512862861,-0.0001729593932395801,0.0005752817960456014,-0.0004547018907032907,0.005465956870466471,0.001515301177278161,0.002496578963473439,0.0013828403316438198,-0.0005923326825723052
20160501,0.0008252381812781096,0.0003310229512862861,-0.0001729593932395801,0.0005752817960456014,-0.0004547018907032907,0.005465956870466471,0.001515301177278161,0.002496578963473439,0.0013828403316438198,-0.0005923326825723052
20160502,0.005074543412774801,0.010033028200268745,0.01586790196597576,-0.003780368948355317,0.023151801899075508,-0.040960825979709625,0.015698609873652458,-0.04486590623855591,-0.015425274148583412,-0.0018410756019875407
20160503,0.03887071833014488,-0.018466122448444366,-0.015092061832547188,0.01297434139996767,-0.016674045473337173,0.0556243471801281,-0.006224758457392454,0.030846599489450455,0.051626332104206085,0.02608097717165947
20160504,-0.014489317312836647,-0.0012558905873447657,0.0005883501144126058,-0.010018810629844666,0.029077893123030663,0.017335936427116394,0.013082526624202728,0.01956634595990181,-0.01472419686615467,-0.029330352321267128
20160505,0.04538062959909439,-0.0003193260636180639,0.004635901190340519,-0.0021260392386466265,0.011258876882493496,0.014485927298665047,-0.0034451978281140327,-0.01111140102148056,0.0648198053240776,0.02425610087811947
20160506,-0.011716249398887157,0.00856173038482666,0.01190388947725296,0.0021200315095484257,0.015198241919279099,-0.028576470911502838,0.007039940450340509,-0.008276727981865406,-0.027282433584332466,-0.016380880028009415
20160507,0.0008252381812781096,0.0003310229512862861,-0.0001729593932395801,0.0005752817960456014,-0.0004547018907032907,0.005465956870466471,0.001515301177278161,0.002496578963473439,0.0013828403316438198,-0.0005923326825723052
20160508,0.0008252381812781096,0.0003310229512862861,-0.0001729593932395801,0.0005752817960456014,-0.0004547018907032907,0.005465956870466471,0.001515301177278161,0.002496578963473439,0.0013828403316438198,-0.0005923326825723052
20160509,0.003871111897751689,0.0012763445265591145,-8.249946404248476e-06,-0.0016386439092457294,0.005458943545818329,0.017223628237843513,-0.011143562383949757,0.0027396390214562416,0.02807554043829441,0.0014148242771625519
20160510,-0.030871277675032616,0.02143976092338562,0.029294777661561966,-0.004358001984655857,0.02844957821071148,-0.024131355807185173,0.0004868388641625643,-0.015884965658187866,-0.01719115674495697,-0.023888228461146355
20160511,0.008726803585886955,0.002420163946226239,0.0037805521860718727,-0.010579646565020084,-0.005441074725240469,0.023136045783758163,-0.006664991844445467,0.00667279539629817,0.019377948716282845,0.008970746770501137
20160512,0.00899548176676035,0.0033803966362029314,-0.011942476034164429,0.00545571930706501,-0.026347840204834938,0.024612976238131523,-0.012094548903405666,0.0011088888859376311,0.028507987037301064,0.01563064567744732
20160513,0.06373374164104462,0.011189171113073826,0.09702742844820023,-0.005858877673745155,0.07517415285110474,-0.046164270490407944,0.026516325771808624,0.016694942489266396,0.09272294491529465,0.018735196441411972
20160514,0.0008252381812781096,0.0003310229512862861,-0.0001729593932395801,0.0005752817960456014,-0.0004547018907032907,0.005465956870466471,0.001515301177278161,0.002496578963473439,0.0013828403316438198,-0.0005923326825723052
20160515,0.0008252381812781096,0.0003310229512862861,-0.0001729593932395801,0.0005752817960456014,-0.0004547018907032907,0.005465956870466471,0.001515301177278161,0.002496578963473439,0.0013828403316438198,-0.0005923326825723052
20160516,-0.0010899507906287909,0.014589261263608932,0.02491779439151287,-0.011009972542524338,0.029286503791809082,-0.026857860386371613,0.014589551836252213,-0.013682653196156025,0.0032815730664879084,-0.008687058463692665
20160517,0.011143632233142853,-0.010854934342205524,0.0004974124603904784,-0.004478461109101772,0.004674646072089672,0.031011298298835754,0.0006675694021396339,0.015517208725214005,0.018195632845163345,0.005366034805774689
20160518,-0.0018519244622439146,0.005914021283388138,0.00880095548927784,0.007005718536674976,-0.003104053670540452,-0.025232741609215736,0.01029716432094574,-0.009924637153744698,-0.006574230268597603,0.001879395334981382
20160519,-0.054395489394664764,0.011936149559915066,-0.0066680908203125,-0.00825202465057373,-0.020972125232219696,0.019450128078460693,-0.021346881985664368,0.015600294806063175,0.0050852540880441666,-0.018141964450478554
20160520,0.001864190329797566,0.004636905621737242,0.02126673050224781,-0.0020121389534324408,0.025473378598690033,-0.03451601415872574,0.01289379596710205,-0.023676615208387375,-0.036901988089084625,-0.007836813107132912
20160521,0.0008252381812781096,0.0003310229512862861,-0.0001729593932395801,0.0005752817960456014,-0.0004547018907032907,0.005465956870466471,0.001515301177278161,0.002496578963473439,0.0013828403316438198,-0.0005923326825723052
20160522,0.0008252381812781096,0.0003310229512862861,-0.0001729593932395801,0.0005752817960456014,-0.0004547018907032907,0.005465956870466471,0.001515301177278161,0.002496578963473439,0.0013828403316438198,-0.0005923326825723052
20160523,0.005848847795277834,-0.007978959940373898,-0.0007970041478984058,-0.006524332799017429,0.01907946541905403,-0.0006676008924841881,0.019044192507863045,-0.010006885044276714,0.0003287956351414323,-0.0032239225693047047
20160524,0.017607450485229492,0.016975415870547295,0.020331215113401413,0.00650431402027607,0.019901510328054428,-0.05562525987625122,0.019171353429555893,-0.04288496822118759,-0.0018036337569355965,0.004105306696146727
20160525,-0.03273366391658783,0.00982378888875246,0.0037051369436085224,7.128162542358041e-05,0.0061071207746863365,-0.0075228032656013966,0.00413303030654788,-0.003366627264767885,-0.02899860218167305,-0.021184662356972694
20160526,0.02194574475288391,-0.008529534563422203,0.007096010260283947,0.0047892192378640175,0.010426231659948826,-0.02938798815011978,0.019479382783174515,-0.025044549256563187,-0.031294167041778564,0.006359526887536049
20160527,-0.007205386180430651,0.009352872148156166,0.02012147195637226,-0.024638263508677483,0.05366062372922897,-0.03442740812897682,0.021337902173399925,-0.014518125914037228,-0.033028144389390945,-0.03136417269706726
20160528,0.0008252381812781096,0.0003310229512862861,-0.0001729593932395801,0.0005752817960456014,-0.0004547018907032907,0.005465956870466471,0.001515301177278161,0.002496578963473439,0.0013828403316438198,-0.0005923326825723052
20160529,0.0008252381812781096,0.0003310229512862861,-0.0001729593932395801,0.0005752817960456014,-0.0004547018907032907,0.005465956870466471,0.001515301177278161,0.002496578963473439,0.0013828403316438198,-0.0005923326825723052
20160530,0.0008252381812781096,0.0003310229512862861,-0.0001729593932395801,0.0005752817960456014,-0.0004547018907032907,0.005465956870466471,0.001515301177278161,0.002496578963473439,0.0013828403316438198,-0.0005923326825723052
20160531,0.0014865038683637977,0.011789318174123764,0.018589327111840248,-0.004810985177755356,0.008909540250897408,0.0022688014432787895,-0.001797240343876183,0.0010538218775764108,0.014354158192873001,0.0008715467993170023
20160601,0.004539555869996548,-0.0003810214693658054,-0.002691973000764847,0.0073399171233177185,-0.01039841491729021,0.026300404220819473,-0.008535991422832012,0.018650397658348083,0.031643833965063095,0.00638280576094985
20160602,-0.013641278259456158,0.0012011281214654446,0.007510241586714983,0.0046259816735982895,-0.005799322389066219,0.028241446241736412,-0.013543481007218361,0.020869843661785126,0.009898943826556206,-0.002882285974919796
20160603,0.0005432089092209935,-0.007558415178209543,-0.00911577045917511,-0.0013445449294522405,-0.014887030236423016,0.03551539033651352,-0.013033234514296055,0.013781173154711723,0.0029127895832061768,0.005817282944917679
20160604,0.0008252381812781096,0.0003310229512862861,-0.0001729593932395801,0.0005752817960456014,-0.0004547018907032907,0.005465956870466471,0.001515301177278161,0.002496578963473439,0.0013828403316438198,-0.0005923326825723052
20160605,0.0008252381812781096,0.0003310229512862861,-0.0001729593932395801,0.0005752817960456014,-0.0004547018907032907,0.005465956870466471,0.001515301177278161,0.002496578963473439,0.0013828403316438198,-0.0005923326825723052
20160606,0.015976347029209137,-0.005030576139688492,-0.0007241378771141171,-0.009515930898487568,0.016471536830067635,-0.024730777367949486,0.03383650258183479,-0.026983920484781265,-0.029122278094291687,-0.0016162632964551449
20160607,0.0022990512661635876,0.0035923542454838753,-0.0054048653692007065,-0.0037644098047167063,-0.020722918212413788,-0.008266149088740349,-0.01330631598830223,-0.012021594680845737,-0.019404783844947815,0.010503557510674
20160608,-0.001427981536835432,0.005563474725931883,-0.005264141131192446,-0.0018259002827107906,-0.005006445571780205,-0.004104408901184797,-0.015824468806385994,0.005451848730444908,-0.0010106312111020088,-0.004723899532109499
20160609,0.042973652482032776,-0.00829588994383812,0.008759424090385437,0.005194526165723801,0.014157713390886784,0.002682075835764408,0.015254526399075985,0.011761904694139957,0.04826795682311058,0.015596423298120499
20160610,0.014451814815402031,-0.007124666590243578,-0.028522798791527748,0.009414277970790863,-0.037801891565322876,0.07105667889118195,-0.012572236359119415,0.03599051758646965,0.07062924653291702,0.022419020533561707
20160611,0.0008252381812781096,0.0003310229512862861,-0.0001729593932395801,0.0005752817960456014,-0.0004547018907032907,0.005465956870466471,0.001515301177278161,0.002496578963473439,0.0013828403316438198,-0.0005923326825723052
20160612,0.0008252381812781096,0.0003310229512862861,-0.0001729593932395801,0.0005752817960456014,-0.0004547018907032907,0.005465956870466471,0.001515301177278161,0.002496578963473439,0.0013828403316438198,-0.0005923326825723052
20160613,0.0005115463864058256,-0.008150956593453884,0.008723866194486618,-0.01743866689503193,0.02977479249238968,0.008943948894739151,0.0036642253398895264,0.01840262860059738,-0.004591093398630619,-0.013807046227157116
20160614,-0.016291681677103043,5.816617340315133e-05,0.015382379293441772,-0.008586850017309189,0.030855359509587288,0.002957551972940564,0.006642449181526899,0.012784846127033234,-0.023664528504014015,-0.026136979460716248
20160615,-0.02632923237979412,0.0037983444053679705,0.0050509776920080185,-0.006948296912014484,0.011357981711626053,-0.005074603017419577,0.011888356879353523,0.0177251435816288,-0.018646396696567535,-0.0241863951086998
20160616,0.032361600548028946,-0.001573960529640317,0.012750335037708282,-0.011246194131672382,0.021836185827851295,-0.020876703783869743,0.03061993420124054,-0.03864189237356186,-0.014021024107933044,0.012167648412287235
20160617,0.042310770601034164,-0.01633337512612343,0.0028940963093191385,-0.029803527519106865,0.030984995886683464,0.0014220746234059334,0.03468901664018631,-0.034207507967948914,-0.025092720985412598,0.0107710100710392
20160618,0.0008252381812781096,0.0003310229512862861,-0.0001729593932395801,0.0005752817960456014,-0.0004547018907032907,0.005465956870466471,0.001515301177278161,0.002496578963473439,0.0013828403316438198,-0.0005923326825723052
20160619,0.0008252381812781096,0.0003310229512862861,-0.0001729593932395801,0.0005752817960456014,-0.0004547018907032907,0.005465956870466471,0.001515301177278161,0.002496578963473439,0.0013828403316438198,-0.0005923326825723052
20160620,-0.0212317556142807,0.009936782531440258,0.012842098250985146,-0.0005465807626023889,-0.002178796799853444,0.004495691508054733,-0.014809985645115376,0.01386759988963604,-0.00048508052714169025,-0.00961990561336279
20160621,0.02240295708179474,0.013375556096434593,0.015113454312086105,-0.026270776987075806,0.02525247074663639,-0.02431006170809269,0.004195476416498423,-0.04405288025736809,-0.010396585799753666,0.0029446601402014494
20160622,0.007580312434583902,0.00022431564866565168,0.004774786997586489,0.012713709846138954,0.007006113883107901,0.07304749637842178,-0.016541870310902596,0.044751908630132675,0.09846650809049606,0.00531029561534524
20160623,-0.028389856219291687,0.02185051329433918,0.04312347620725632,-0.02165607362985611,0.05365065485239029,-0.03614775091409683,0.013230870477855206,-0.025333009660243988,-0.03167920187115669,-0.03257612884044647
20160624,0.03020050749182701,-0.048105500638484955,-0.07283999770879745,0.028729485347867012,-0.08279767632484436,0.11375326663255692,0.0030203659553080797,0.07932940125465393,0.03987536579370499,0.03677189350128174
20160625,0.0008252381812781096,0.0003310229512862861,-0.0001729593932395801,0.0005752817960456014,-0.0004547018907032907,0.005465956870466471,0.001515301177278161,0.002496578963473439,0.0013828403316438198,-0.0005923326825723052
20160626,0.0008252381812781096,0.0003310229512862861,-0.0001729593932395801,0.0005752817960456014,-0.0004547018907032907,0.005465956870466471,0.001515301177278161,0.002496578963473439,0.0013828403316438198,-0.0005923326825723052
20160627,0.038844358175992966,-0.019369928166270256,-0.026905309408903122,0.00517833698540926,-0.04112395644187927,0.045608069747686386,-0.02616160176694393,0.029764268547296524,0.025193901732563972,0.03469951078295708
20160628,-0.005275989416986704,0.015266411006450653,0.03658801317214966,-0.017784930765628815,0.05817265063524246,-0.07559209316968918,0.025977779179811478,-0.06252341717481613,-0.06816718727350235,-0.026879556477069855
20160629,-0.03786933049559593,0.019251151010394096,0.021485235542058945,0.0022060906048864126,0.006161552853882313,-0.03403201699256897,0.005509058479219675,-0.023490674793720245,-0.048570118844509125,-0.019037656486034393
20160630,-0.0059554423205554485,0.010064829140901566,0.0052229613065719604,0.0006729435990564525,0.00446662213653326,-0.01479133777320385,0.003644782118499279,-0.002446194179356098,-0.0042993417009711266,-0.007292918395251036
20160701,-0.03527389466762543,-0.0021186796948313713,-0.011934878304600716,0.017551733180880547,-0.005984531249850988,-0.013042893260717392,0.01643182709813118,0.006271960213780403,-0.045293062925338745,-0.02210603654384613
20160702,0.0008252381812781096,0.0003310229512862861,-0.0001729593932395801,0.0005752817960456014,-0.0004547018907032907,0.005465956870466471,0.001515301177278161,0.002496578963473439,0.0013828403316438198,-0.0005923326825723052
20160703,0.0008252381812781096,0.0003310229512862861,-0.0001729593932395801,0.0005752817960456014,-0.0004547018907032907,0.005465956870466471,0.001515301177278161,0.002496578963473439,0.0013828403316438198,-0.0005923326825723052
20160704,0.0008252381812781096,0.0003310229512862861,-0.0001729593932395801,0.0005752817960456014,-0.0004547018907032907,0.005465956870466471,0.001515301177278161,0.002496578963473439,0.0013828403316438198,-0.0005923326825723052
20160705,0.01806473545730114,-0.004235479049384594,0.011049363762140274,0.011694665998220444,-0.0006600315682590008,0.01913878135383129,0.005396324209868908,0.008773965761065483,0.02239219658076763,0.01423627883195877
20160706,0.019538426771759987,0.0031055831350386143,0.009980758652091026,-0.006267514079809189,0.012411839328706264,-0.012576203793287277,0.0007414176943711936,-0.0033243601210415363,0.0015845421003177762,-0.0010659971740096807
20160707,-0.0017024031840264797,0.004247455392032862,0.014929212629795074,-0.0003390828496776521,0.00823842454701662,0.00011143740266561508,0.00634210929274559,0.011492552235722542,0.0113757885992527,-0.0024599896278232336
20160708,-0.030936790630221367,0.025272103026509285,0.04184887185692787,-0.01158074103295803,0.04453689604997635,-0.04138985648751259,0.008193913847208023,-0.014330367557704449,-0.013933442533016205,-0.031205687671899796
20160709,0.0008252381812781096,0.0003310229512862861,-0.0001729593932395801,0.0005752817960456014,-0.0004547018907032907,0.005465956870466471,0.001515301177278161,0.002496578963473439,0.0013828403316438198,-0.0005923326825723052
20160710,0.0008252381812781096,0.0003310229512862861,-0.0001729593932395801,0.0005752817960456014,-0.0004547018907032907,0.005465956870466471,0.001515301177278161,0.002496578963473439,0.0013828403316438198,-0.0005923326825723052
20160711,0.0031605646945536137,0.013681787066161633,0.008992455899715424,0.0003185607783962041,-0.012290517799556255,-0.013203423470258713,-0.0215911902487278,0.0007315580733120441,0.012886683456599712,0.006688926834613085
20160712,-0.000686456507537514,0.007245276123285294,0.014993734657764435,-0.0046501681208610535,0.02485448122024536,-0.022543352097272873,0.020218651741743088,-0.006001753732562065,-0.00991519633680582,-0.012612328864634037
20160713,0.012939471751451492,0.0014704382047057152,0.0025991781149059534,0.0031684995628893375,-0.007335547357797623,0.020541662350296974,-0.005149859003722668,-0.005284071899950504,0.020612480118870735,0.01607966236770153
20160714,0.0006571196718141437,0.002861269051209092,0.009032383561134338,0.0005104208248667419,0.01913350634276867,-0.01684187538921833,0.01445526722818613,-0.003623269498348236,-0.006995248608291149,-0.010206947103142738
20160715,-0.007361831609159708,0.00017200433649122715,-0.003739671315997839,-0.001456921687349677,-0.0014517027884721756,0.014756893739104271,-0.00377771258354187,0.0011310470290482044,-0.0059777600690722466,-0.003627070924267173
20160716,0.0008252381812781096,0.0003310229512862861,-0.0001729593932395801,0.0005752817960456014,-0.0004547018907032907,0.005465956870466471,0.001515301177278161,0.002496578963473439,0.0013828403316438198,-0.0005923326825723052
20160717,0.0008252381812781096,0.0003310229512862861,-0.0001729593932395801,0.0005752817960456014,-0.0004547018907032907,0.005465956870466471,0.001515301177278161,0.002496578963473439,0.0013828403316438198,-0.0005923326825723052
20160718,0.012580221518874168,0.002701873192563653,0.010988162830471992,-0.01367116067558527,0.04153304547071457,-0.06620804965496063,0.023576876148581505,-0.029066942632198334,-0.05737099051475525,-0.022587785497307777
20160719,0.03729699179530144,0.005864882376044989,0.005836403463035822,-0.02785511314868927,-0.005995872430503368,0.036534421145915985,-0.048403821885585785,0.03265437111258507,0.06933996081352234,0.01599600724875927
20160720,-0.02253376692533493,0.02950975112617016,0.02621639519929886,0.0047057559713721275,0.004074114840477705,-0.025666020810604095,0.015805505216121674,-0.028417911380529404,-0.016590895131230354,-0.006996352691203356
20160721,-0.0024827534798532724,0.0010561244562268257,-0.010075269266963005,-0.0013394177658483386,-0.013243193738162518,0.04939715191721916,-0.019043581560254097,0.01920703426003456,0.03739774972200394,0.005601468030363321
20160722,0.04335908591747284,0.009134734980762005,0.03425954282283783,-0.031154511496424675,0.057354360818862915,-0.062198739498853683,0.026373712345957756,-0.06156372278928757,-0.01584230363368988,0.003880139207467437
20160723,0.0008252381812781096,0.0003310229512862861,-0.0001729593932395801,0.0005752817960456014,-0.0004547018907032907,0.005465956870466471,0.001515301177278161,0.002496578963473439,0.0013828403316438198,-0.0005923326825723052
20160724,0.0008252381812781096,0.0003310229512862861,-0.0001729593932395801,0.0005752817960456014,-0.0004547018907032907,0.005465956870466471,0.001515301177278161,0.002496578963473439,0.0013828403316438198,-0.0005923326825723052
20160725,0.05332270264625549,-0.010946568101644516,0.018210452049970627,-0.02192104421555996,0.05300275236368179,-0.07733821123838425,0.05872417241334915,-0.05590657889842987,-0.060369305312633514,0.0012865602038800716
20160726,0.02740841917693615,-0.00772251607850194,0.009427094832062721,0.006912015378475189,0.019840819761157036,-0.022993147373199463,0.03070175275206566,-0.019570905715227127,-0.0056059705093503,0.008429153822362423
20160727,0.06764765083789825,-0.017198750749230385,-0.03493203595280647,0.04002733156085014,-0.060166552662849426,0.014823030680418015,-0.019771674647927284,-0.023625154048204422,0.06481144577264786,0.06447790563106537
20160728,-0.026154784485697746,0.008388371206820011,0.010965803638100624,-0.007633586414158344,0.013457760214805603,-0.006293314043432474,-0.005403387360274792,0.0021195244044065475,-0.02549666166305542,-0.02282131463289261
20160729,0.0074023110792040825,0.012787993997335434,0.012736057862639427,-0.008333520032465458,0.024835996329784393,-0.03318130224943161,-0.004512953106313944,-0.0002483539283275604,-0.0089888209477067,-0.012082038447260857
20160730,0.0008252381812781096,0.0003310229512862861,-0.0001729593932395801,0.0005752817960456014,-0.0004547018907032907,0.005465956870466471,0.001515301177278161,0.002496578963473439,0.0013828403316438198,-0.0005923326825723052
20160731,0.0008252381812781096,0.0003310229512862861,-0.0001729593932395801,0.0005752817960456014,-0.0004547018907032907,0.005465956870466471,0.001515301177278161,0.002496578963473439,0.0013828403316438198,-0.0005923326825723052
20160801,-0.0034389588981866837,-0.0024199432227760553,-0.0009544479544274509,0.015479196794331074,0.0031336545944213867,0.01040351390838623,-0.0025783651508390903,0.003522388869896531,-0.00027794588822871447,-0.0031017258297652006
20160802,-0.01017843745648861,0.0008350868592970073,-0.0148843415081501,0.01230528112500906,-0.029590634629130363,0.04400935769081116,-0.016878895461559296,0.028894800692796707,0.029903151094913483,0.006364081520587206
20160803,-0.029329026117920876,0.011071578599512577,0.0232930239289999,-0.021586816757917404,0.035051725804805756,0.0039961980655789375,0.005095184314996004,0.007391184568405151,-0.02893500216305256,-0.030952729284763336
20160804,-0.0003214981989003718,0.004483210854232311,0.02121761627495289,-0.005715281702578068,0.021428033709526062,-0.025628868490457535,0.017520923167467117,-0.009664357639849186,-0.029633168131113052,-0.011270933784544468
20160805,-0.0038156365044414997,0.007554558105766773,0.017077844589948654,0.0027996108401566744,0.02525896579027176,-0.030079055577516556,0.01608170196413994,-0.01986953616142273,-0.013415857218205929,-0.010658670216798782
20160806,0.0008252381812781096,0.0003310229512862861,-0.0001729593932395801,0.0005752817960456014,-0.0004547018907032907,0.005465956870466471,0.001515301177278161,0.002496578963473439,0.0013828403316438198,-0.0005923326825723052
20160807,0.0008252381812781096,0.0003310229512862861,-0.0001729593932395801,0.0005752817960456014,-0.0004547018907032907,0.005465956870466471,0.001515301177278161,0.002496578963473439,0.0013828403316438198,-0.0005923326825723052
20160808,0.017910778522491455,0.001877996139228344,0.00938509963452816,-0.006692501716315746,0.011223713867366314,0.008518008515238762,0.0023171999491751194,0.002978279022499919,0.02547389455139637,0.005055147688835859
20160809,-0.015383328311145306,0.00662232656031847,0.005288711283355951,-0.0059301285073161125,0.0026384189259260893,0.004890920128673315,-0.00493360823020339,0.012426599860191345,-0.011034192517399788,-0.01239312905818224
20160810,-0.0011291380506008863,-0.0040444741025567055,-0.0029532054904848337,0.003198414109647274,0.00373593857511878,0.017994532361626625,0.004811779595911503,0.01996321976184845,0.002144185360521078,-0.007102449890226126
20160811,-0.026074999943375587,0.008540237322449684,0.01875000260770321,-0.00600605271756649,0.02646772749722004,-0.013219542801380157,0.018702182918787003,0.005119215697050095,-0.01267151813954115,-0.025234119966626167
20160812,0.03536384925246239,0.0001553211477585137,0.033422086387872696,-0.00028074911097064614,0.02793831005692482,-0.02075803466141224,0.014274721965193748,-0.0019822134636342525,0.03281138464808464,0.012773487716913223
20160813,0.0008252381812781096,0.0003310229512862861,-0.0001729593932395801,0.0005752817960456014,-0.0004547018907032907,0.005465956870466471,0.001515301177278161,0.002496578963473439,0.0013828403316438198,-0.0005923326825723052
20160814,0.0008252381812781096,0.0003310229512862861,-0.0001729593932395801,0.0005752817960456014,-0.0004547018907032907,0.005465956870466471,0.001515301177278161,0.002496578963473439,0.0013828403316438198,-0.0005923326825723052
20160815,0.019614694640040398,-0.004498871508985758,0.018523741513490677,-0.019734341651201248,0.04024291783571243,-0.003736297134310007,0.02204715460538864,0.0052257804200053215,-0.034661583602428436,-0.012469559907913208
20160816,0.015025867149233818,-0.009187323972582817,-0.013663098216056824,0.013617319986224174,-0.02140398509800434,0.02943398430943489,0.00037322123534977436,0.018693584948778152,0.02436923235654831,0.01500014029443264
20160817,0.015504739247262478,-0.00943264551460743,-0.015421021729707718,0.016166789457201958,-0.014376183040440083,0.009968917816877365,0.0036934390664100647,-0.0013926452957093716,-0.013500248081982136,0.009033936075866222
20160818,0.045547109097242355,-0.0012258314527571201,0.005905161611735821,-0.005257747136056423,0.0033532707020640373,-0.013353737071156502,0.004224079195410013,-0.035328637808561325,0.029626045376062393,0.030180983245372772
20160819,0.02333829551935196,-0.0041551231406629086,0.0005756537429988384,-0.01643979363143444,0.02177448943257332,-0.027222447097301483,0.028155753389000893,-0.023548327386379242,-0.014521442353725433,-0.000380129786208272
20160820,0.0008252381812781096,0.0003310229512862861,-0.0001729593932395801,0.0005752817960456014,-0.0004547018907032907,0.005465956870466471,0.001515301177278161,0.002496578963473439,0.0013828403316438198,-0.0005923326825723052
20160821,0.0008252381812781096,0.0003310229512862861,-0.0001729593932395801,0.0005752817960456014,-0.0004547018907032907,0.005465956870466471,0.001515301177278161,0.002496578963473439,0.0013828403316438198,-0.0005923326825723052
20160822,0.01760130003094673,-0.0004643634893000126,0.0038504796102643013,0.0038603160064667463,-0.004653938114643097,0.01323743537068367,-0.00462226290255785,-0.003542360384017229,0.022372644394636154,0.014158131554722786
20160823,-0.009326920844614506,0.0053464435040950775,0.007154370658099651,-0.003116435371339321,0.006216402631253004,-0.007215109188109636,0.005521291866898537,-0.005011671222746372,-0.008561007678508759,-0.007235698401927948
20160824,-0.0018659597262740135,-0.002133880741894245,-0.01991160213947296,0.011070777662098408,-0.029881713911890984,0.03446315973997116,-0.00709059601649642,0.01876743510365486,0.02586730383336544,0.009591176174581051
20160825,-0.04028072953224182,0.008428103290498257,-0.004193417727947235,-0.0004449952393770218,-0.002309527015313506,0.0031308953184634447,0.0029959827661514282,-0.005601171404123306,-0.008968057110905647,-0.019133076071739197
20160826,0.01911756582558155,-0.004474347457289696,0.004694106988608837,-0.0001039252383634448,0.015003967098891735,-0.01303582452237606,0.01577182300388813,-0.004790313541889191,-0.0003947821678593755,5.303366924636066e-05
20160827,0.0008252381812781096,0.0003310229512862861,-0.0001729593932395801,0.0005752817960456014,-0.0004547018907032907,0.005465956870466471,0.001515301177278161,0.002496578963473439,0.0013828403316438198,-0.0005923326825723052
20160828,0.0008252381812781096,0.0003310229512862861,-0.0001729593932395801,0.0005752817960456014,-0.0004547018907032907,0.005465956870466471,0.001515301177278161,0.002496578963473439,0.0013828403316438198,-0.0005923326825723052
20160829,-0.00045534962555393577,0.003455490106716752,0.01108604297041893,-0.0014782494399696589,0.013664721511304379,0.009755083359777927,-0.005888825282454491,-0.0013423203490674496,0.005913273431360722,-0.005326995626091957
20160830,-0.0014324262738227844,-0.00418055709451437,-0.009329795837402344,0.005880879238247871,-0.008396702818572521,0.024502376094460487,0.0041942354291677475,0.017117809504270554,0.018788104876875877,0.0007937460904940963
20160831,-0.020513242110610008,-0.0014719581231474876,0.004834749270230532,-0.00529942661523819,0.01096700131893158,0.011859726160764694,0.0008295096922665834,0.01636958122253418,-0.02655368112027645,-0.019930399954319
20160901,0.06247659772634506,-0.00862282793968916,0.03382750600576401,0.004545731469988823,0.04333462566137314,0.013261282816529274,0.020556669682264328,0.014404380694031715,0.04588418826460838,0.01720406673848629
20160902,0.019393617287278175,-0.0007094747270457447,0.00656617758795619,-0.008350985124707222,0.019553910940885544,-0.001164228655397892,-0.001335328328423202,-0.01956796646118164,-0.006949828006327152,0.0028459266759455204
20160903,0.0008252381812781096,0.0003310229512862861,-0.0001729593932395801,0.0005752817960456014,-0.0004547018907032907,0.005465956870466471,0.001515301177278161,0.002496578963473439,0.0013828403316438198,-0.0005923326825723052
20160904,0.0008252381812781096,0.0003310229512862861,-0.0001729593932395801,0.0005752817960456014,-0.0004547018907032907,0.005465956870466471,0.001515301177278161,0.002496578963473439,0.0013828403316438198,-0.0005923326825723052
20160905,0.0008252381812781096,0.0003310229512862861,-0.0001729593932395801,0.0005752817960456014,-0.0004547018907032907,0.005465956870466471,0.001515301177278161,0.002496578963473439,0.0013828403316438198,-0.0005923326825723052
20160906,-0.020534725859761238,0.00048359439824707806,0.00214382098056376,0.01847343146800995,7.524172542616725e-05,-0.02476733736693859,0.00837508961558342,0.009160391986370087,-0.035847052931785583,-0.019714830443263054
20160907,-0.01914558745920658,-0.00026304798666387796,-0.016066282987594604,0.019637959077954292,-0.03294000029563904,0.037221699953079224,-0.013589241541922092,0.03403462469577789,0.013737262226641178,-0.002135601593181491
20160908,0.0015842535067349672,-0.0015382510609924793,-0.012505540624260902,0.032043516635894775,-0.04844769090414047,0.05758851021528244,-0.023957695811986923,0.033996328711509705,0.07246137410402298,0.027588583528995514
20160909,-0.008730998262763023,-0.02008417621254921,-0.061467245221138,0.014654725790023804,-0.06719430536031723,0.08154988288879395,-0.012829858809709549,0.05641258880496025,0.03631686791777611,0.012910534627735615
20160910,0.0008252381812781096,0.0003310229512862861,-0.0001729593932395801,0.0005752817960456014,-0.0004547018907032907,0.005465956870466471,0.001515301177278161,0.002496578963473439,0.0013828403316438198,-0.0005923326825723052
20160911,0.0008252381812781096,0.0003310229512862861,-0.0001729593932395801,0.0005752817960456014,-0.0004547018907032907,0.005465956870466471,0.001515301177278161,0.002496578963473439,0.0013828403316438198,-0.0005923326825723052
20160912,0.002480795606970787,0.01177133247256279,0.024485057219862938,0.003489780705422163,0.016833918169140816,-0.03183446824550629,0.0019071288406848907,-0.026997879147529602,-0.020307432860136032,-0.0013087186962366104
20160913,0.01784018613398075,-0.010286293923854828,-0.018854351714253426,0.006628565490245819,-0.030383942648768425,0.05136068910360336,-0.01077919639647007,0.029506169259548187,0.03625338524580002,0.01997220702469349
20160914,0.0031458749435842037,0.0007237221579998732,0.013850217685103416,-0.015231432393193245,0.03238040208816528,-0.02441316656768322,0.013119332492351532,-0.020869240164756775,-0.022648684680461884,-0.012373948469758034
20160915,0.0032868990674614906,0.01949787698686123,0.03802758827805519,-0.005844884552061558,0.024142004549503326,-0.026682842522859573,-0.007451912853866816,-0.015422756783664227,-0.00026535638608038425,-0.0016853557899594307
20160916,-0.01339133270084858,-0.005108626093715429,0.0031732660718262196,0.0053971679881215096,0.007114332169294357,-0.0109934713691473,0.025200815871357918,0.011073965579271317,-0.04643338918685913,-0.017489120364189148
20160917,0.0008252381812781096,0.0003310229512862861,-0.0001729593932395801,0.0005752817960456014,-0.0004547018907032907,0.005465956870466471,0.001515301177278161,0.002496578963473439,0.0013828403316438198,-0.0005923326825723052
20160918,0.0008252381812781096,0.0003310229512862861,-0.0001729593932395801,0.0005752817960456014,-0.0004547018907032907,0.005465956870466471,0.001515301177278161,0.002496578963473439,0.0013828403316438198,-0.0005923326825723052
20160919,0.03843512013554573,-0.007232495583593845,-0.004419044591486454,0.004192953929305077,-0.00905370619148016,0.0018153227865695953,0.006287670228630304,0.0014636500272899866,0.03167261928319931,0.023065263405442238
20160920,0.00016709219198673964,-0.005667851306498051,-0.016891904175281525,0.007541108876466751,-0.005035329610109329,0.0035407114773988724,0.014905992895364761,0.01848633587360382,0.003017276991158724,-0.007574985735118389
20160921,0.0020725212525576353,0.024713249877095222,0.037400875240564346,-0.023895349353551865,0.027865203097462654,-0.016420256346464157,-0.017950918525457382,-0.02369317039847374,0.01634667068719864,-0.002873158548027277
20160922,-0.004228953272104263,0.007220418658107519,0.009688843041658401,-0.007644010707736015,0.017069723457098007,-0.014976628124713898,-0.007314976770430803,-0.01712210476398468,-0.016073886305093765,-0.008289064280688763
20160923,-0.028410308063030243,-0.004770267754793167,0.048165496438741684,-0.044963497668504715,0.1005764976143837,-0.007589465472847223,0.037730906158685684,0.03388301655650139,-0.11883622407913208,-0.07050017267465591
20160924,0.0008252381812781096,0.0003310229512862861,-0.0001729593932395801,0.0005752817960456014,-0.0004547018907032907,0.005465956870466471,0.001515301177278161,0.002496578963473439,0.0013828403316438198,-0.0005923326825723052
20160925,0.0008252381812781096,0.0003310229512862861,-0.0001729593932395801,0.0005752817960456014,-0.0004547018907032907,0.005465956870466471,0.001515301177278161,0.002496578963473439,0.0013828403316438198,-0.0005923326825723052
20160926,-0.028516842052340508,-0.002979982877150178,-0.006948129273951054,-0.0008817747002467513,-0.015401098877191544,0.03809037059545517,-0.00554574653506279,0.03439290449023247,-0.009164588525891304,-0.01270134374499321
20160927,0.020917261019349098,0.008558053523302078,0.0346626378595829,-0.00038957130163908005,0.0441427007317543,-0.03714529052376747,0.029676975682377815,-0.019392404705286026,0.002661203034222126,-0.004909988027065992
20160928,-0.006247351877391338,0.004427463747560978,-0.00648157624527812,0.0042822230607271194,-0.013322564773261547,-0.0004405658692121506,-0.0016744638560339808,-0.007365046069025993,0.015729917213320732,0.0035190994385629892
20160929,0.019474301487207413,-0.007228361442685127,0.00608925661072135,-0.005924210883677006,0.014784228056669235,0.020341450348496437,0.008712396956980228,0.012521150521934032,0.028549307957291603,0.0048477440141141415
20160930,0.012636210769414902,0.0006656106561422348,0.012862620875239372,-0.0021324330009520054,0.016518276184797287,-0.025649260729551315,0.016936201602220535,-0.018561623990535736,-0.016633490100502968,0.0007699347333982587
20161001,0.0008252381812781096,0.0003310229512862861,-0.0001729593932395801,0.0005752817960456014,-0.0004547018907032907,0.005465956870466471,0.001515301177278161,0.002496578963473439,0.0013828403316438198,-0.0005923326825723052
20161002,0.0008252381812781096,0.0003310229512862861,-0.0001729593932395801,0.0005752817960456014,-0.0004547018907032907,0.005465956870466471,0.001515301177278161,0.002496578963473439,0.0013828403316438198,-0.0005923326825723052
20161003,-0.01688878983259201,-0.008431569673120975,0.0004368113004602492,0.00932786613702774,0.00013025954831391573,-0.017644302919507027,0.022548820823431015,-0.00011005834676325321,-0.07128941267728806,-0.014558718539774418
20161004,-0.0221979022026062,0.00798968318849802,-0.009500686079263687,-0.004179778508841991,-0.007795216049998999,0.008913382887840271,-0.010021630674600601,0.0014012685278430581,0.02168901450932026,-0.007931804284453392
20161005,0.02497216872870922,-0.016892531886696815,0.011838311329483986,0.02109397016465664,0.02040904574096203,0.01091659627854824,0.03875811770558357,0.02488403022289276,-0.030426912009716034,-0.002210610080510378
20161006,0.06072458252310753,-0.00356644787825644,-0.05010107532143593,0.026612907648086548,-0.0704813301563263,0.017381569370627403,-0.01950671896338463,-0.039835307747125626,0.12287288904190063,0.07034700363874435
20161007,-0.003962359856814146,-0.0008753330330364406,-0.004550532437860966,0.008141211234033108,-0.008855762891471386,0.02884099632501602,-0.0025180685333907604,0.01759926602244377,0.019385648891329765,0.00037861373857595026
20161008,0.0008252381812781096,0.0003310229512862861,-0.0001729593932395801,0.0005752817960456014,-0.0004547018907032907,0.005465956870466471,0.001515301177278161,0.002496578963473439,0.0013828403316438198,-0.0005923326825723052
20161009,0.0008252381812781096,0.0003310229512862861,-0.0001729593932395801,0.0005752817960456014,-0.0004547018907032907,0.005465956870466471,0.001515301177278161,0.002496578963473439,0.0013828403316438198,-0.0005923326825723052
20161010,-0.003997165244072676,0.018746979534626007,-0.021435972303152084,0.004841010086238384,-0.044270843267440796,-0.017946643754839897,-0.03855231776833534,-0.03838185966014862,0.048112887889146805,0.022572331130504608
20161011,0.01106368750333786,-0.013787255622446537,-0.01204434409737587,0.005507194437086582,-0.014382272958755493,0.047851886600255966,-0.00775923440232873,0.04619290307164192,0.007273470982909203,0.003862100886180997
20161012,0.01307748630642891,0.0009536693687550724,0.007036917377263308,-0.008206400088965893,0.010556940920650959,-0.005314723122864962,-0.0008379943901672959,-0.007307613268494606,-0.0039979079738259315,0.001574490568600595
20161013,0.017245087772607803,-0.011782852001488209,-0.013845633715391159,0.012015542015433311,-0.020276246592402458,0.03334027901291847,0.0022337622940540314,0.009725570678710938,0.007724745199084282,0.01766413263976574
20161014,-0.016439419239759445,0.01604178547859192,0.00026362412609159946,-0.0067266374826431274,-0.00028652112814597785,-0.011399025097489357,-0.0018763042753562331,-0.03133589029312134,0.0351441353559494,-0.00012656921171583235
20161015,0.0008252381812781096,0.0003310229512862861,-0.0001729593932395801,0.0005752817960456014,-0.0004547018907032907,0.005465956870466471,0.001515301177278161,0.002496578963473439,0.0013828403316438198,-0.0005923326825723052
20161016,0.0008252381812781096,0.0003310229512862861,-0.0001729593932395801,0.0005752817960456014,-0.0004547018907032907,0.005465956870466471,0.001515301177278161,0.002496578963473439,0.0013828403316438198,-0.0005923326825723052
20161017,0.0261240154504776,-0.004920511972159147,-0.0014780127676203847,0.0009148017852567136,-0.0009171250858344138,0.020406709983944893,-0.0075374930165708065,0.007108019199222326,0.018660301342606544,0.01293344795703888
20161018,-0.024949463084340096,-0.01248618122190237,0.0041682105511426926,0.054696742445230484,0.015006412751972675,-0.0678471177816391,0.06199221312999725,-0.03998931497335434,-0.09153947979211807,-0.016228608787059784
20161019,-0.009883158840239048,-0.0037731658667325974,-0.003933988511562347,0.00917954184114933,0.0013643673155456781,-0.01917235553264618,0.012929573655128479,-0.002377091906964779,-0.03864305838942528,-0.012501015327870846
20161020,0.02855091542005539,-0.007048394065350294,0.01194549910724163,0.0008698374149389565,0.019737575203180313,-0.0007364684715867043,0.020511195063591003,-0.003550705499947071,0.02283519133925438,0.009185118600726128
20161021,-0.09052271395921707,0.03083796426653862,0.016268882900476456,0.01099349744617939,-0.00373381981626153,0.00352282403036952,0.007213341072201729,0.016321858391165733,-0.04072851315140724,-0.04708324372768402
20161022,0.0008252381812781096,0.0003310229512862861,-0.0001729593932395801,0.0005752817960456014,-0.0004547018907032907,0.005465956870466471,0.001515301177278161,0.002496578963473439,0.0013828403316438198,-0.0005923326825723052
20161023,0.0008252381812781096,0.0003310229512862861,-0.0001729593932395801,0.0005752817960456014,-0.0004547018907032907,0.005465956870466471,0.001515301177278161,0.002496578963473439,0.0013828403316438198,-0.0005923326825723052
20161024,0.03126060217618942,0.030807601287961006,0.0724543035030365,-0.03881831467151642,0.06798746436834335,-0.056801099330186844,-0.02039528638124466,-0.08770668506622314,-0.008612924255430698,0.01071176677942276
20161025,0.05381343886256218,-0.010084002278745174,-0.003293680027127266,-0.0025485295336693525,0.005502558313310146,-0.016164954751729965,0.031984809786081314,-0.014341297559440136,0.029781214892864227,0.02494756132364273
20161026,-0.009044279344379902,-0.001797765726223588,-0.002064612228423357,0.005843880586326122,-0.012062668800354004,0.026765339076519012,-0.0035971454344689846,0.02055377885699272,0.013028431683778763,0.0013383267214521766
20161027,-0.018061041831970215,-0.004378362093120813,-0.01828102022409439,0.002025473164394498,-0.022310877218842506,0.03102213330566883,-0.010266132652759552,0.018221883103251457,-0.009128008037805557,-0.003477083519101143
20161028,-0.002942020306363702,-0.0012055677361786366,0.003426629351451993,-0.003029803978279233,0.017781030386686325,-0.0011370498687028885,0.008635074831545353,0.0022311601787805557,-0.002666821936145425,-0.01346396654844284
20161029,0.0008252381812781096,0.0003310229512862861,-0.0001729593932395801,0.0005752817960456014,-0.0004547018907032907,0.005465956870466471,0.001515301177278161,0.002496578963473439,0.0013828403316438198,-0.0005923326825723052
20161030,0.0008252381812781096,0.0003310229512862861,-0.0001729593932395801,0.0005752817960456014,-0.0004547018907032907,0.005465956870466471,0.001515301177278161,0.002496578963473439,0.0013828403316438198,-0.0005923326825723052
20161031,-0.0004070363356731832,0.0036184354685246944,0.015436844900250435,-0.010956228710711002,0.01222363580018282,0.01780932955443859,7.74207292124629e-05,0.003586326027289033,0.010592762380838394,-0.0016211451729759574
20161101,-0.005895963869988918,-0.0021930935326963663,-0.02502620592713356,0.0022994992323219776,-0.02370729111135006,0.046520017087459564,-0.011259768158197403,0.013254432007670403,0.034703049808740616,0.006354659330099821
20161102,-0.015587679110467434,-0.0025553267914801836,-0.004064606036990881,0.0032446926925331354,-0.02107052691280842,0.058322515338659286,-0.009627335704863071,0.032630451023578644,0.027199571952223778,0.004858346190303564
20161103,-0.001174004515632987,0.0009000451536849141,-0.010126207023859024,-0.013749619945883751,-0.012325389310717583,0.04625159502029419,-0.014116659760475159,0.011923323385417461,0.022243835031986237,0.012535379268229008
20161104,-0.025046344846487045,-0.001829077024012804,-0.006589389406144619,0.0031482798513025045,-0.008410247042775154,0.009652893990278244,-0.002379264682531357,0.02009575441479683,-0.023114388808608055,-0.01646489091217518
20161105,0.0008252381812781096,0.0003310229512862861,-0.0001729593932395801,0.0005752817960456014,-0.0004547018907032907,0.005465956870466471,0.001515301177278161,0.002496578963473439,0.0013828403316438198,-0.0005923326825723052
20161106,0.0008252381812781096,0.0003310229512862861,-0.0001729593932395801,0.0005752817960456014,-0.0004547018907032907,0.005465956870466471,0.001515301177278161,0.002496578963473439,0.0013828403316438198,-0.0005923326825723052
20161107,0.0007861544727347791,0.030537182465195656,0.05396982654929161,-0.0187230184674263,0.06237776577472687,-0.07802040874958038,0.01612132042646408,-0.0449024960398674,-0.012557629495859146,-0.019532762467861176
20161108,0.0024219423066824675,0.0015448848716914654,-0.001552049769088626,0.0032091205939650536,0.003129898104816675,-0.016054648905992508,0.0003050352679565549,-0.004971096757799387,-0.013037899509072304,-0.006322517059743404
20161109,-0.013929965905845165,0.005920428317040205,0.018299397081136703,-0.025626126676797867,0.023815711960196495,0.03818536922335625,-0.025801196694374084,-0.006993469782173634,-0.009596263989806175,-0.009483120404183865
20161110,0.017033442854881287,-0.02123064361512661,-0.03816361725330353,0.016869505867362022,-0.06891955435276031,0.11308971792459488,-0.032863471657037735,0.06457114219665527,0.07078967243432999,0.036731425672769547
20161111,0.12161445617675781,0.03527221828699112,0.2023671418428421,-0.024786105379462242,0.15149544179439545,-0.10446887463331223,0.04911554604768753,0.008622615598142147,0.16943484544754028,0.04006049036979675
20161112,0.0008252381812781096,0.0003310229512862861,-0.0001729593932395801,0.0005752817960456014,-0.0004547018907032907,0.005465956870466471,0.001515301177278161,0.002496578963473439,0.0013828403316438198,-0.0005923326825723052
20161113,0.0008252381812781096,0.0003310229512862861,-0.0001729593932395801,0.0005752817960456014,-0.0004547018907032907,0.005465956870466471,0.001515301177278161,0.002496578963473439,0.0013828403316438198,-0.0005923326825723052
20161114,0.0015933518297970295,-0.016295282170176506,-0.019129788503050804,-0.02124750427901745,0.0032948653679341078,0.06494206190109253,0.00024904205929487944,0.009761148132383823,-0.008741633966565132,0.00028086386737413704
20161115,0.008479302749037743,0.020523786544799805,0.025036267936229706,-0.0040955012664198875,0.027560928836464882,-0.054098811000585556,0.0011411665473133326,-0.026984330266714096,0.001104246824979782,-0.007763821631669998
20161116,0.07987512648105621,0.0006704846164211631,0.04296489059925079,-0.010967000387609005,0.057713016867637634,-0.06288523972034454,0.04795319214463234,-0.036394331604242325,0.026649365201592445,0.023461291566491127
20161117,0.012048263102769852,0.01286288071423769,0.015837866812944412,-0.025185106322169304,0.032443076372146606,-0.0611041896045208,0.018262943252921104,-0.05899852514266968,-0.036072686314582825,-0.006784819066524506
20161118,-0.027897458523511887,0.008518939837813377,0.010732419788837433,-0.018158018589019775,0.0172666497528553,0.009005971252918243,0.002806125208735466,-0.004668365698307753,0.013073316775262356,-0.016289755702018738
20161119,0.0008252381812781096,0.0003310229512862861,-0.0001729593932395801,0.0005752817960456014,-0.0004547018907032907,0.005465956870466471,0.001515301177278161,0.002496578963473439,0.0013828403316438198,-0.0005923326825723052
20161120,0.0008252381812781096,0.0003310229512862861,-0.0001729593932395801,0.0005752817960456014,-0.0004547018907032907,0.005465956870466471,0.001515301177278161,0.002496578963473439,0.0013828403316438198,-0.0005923326825723052
20161121,0.03943793475627899,-0.010915841907262802,0.004576458130031824,0.018691185861825943,0.016025520861148834,-0.034792739897966385,0.028305163607001305,-0.024853326380252838,-0.030129268765449524,0.005900961346924305
20161122,-0.004507812205702066,0.003738823113963008,0.0026285815984010696,0.007390288636088371,-0.018042244017124176,0.004932822659611702,-0.008665856905281544,0.00711290305480361,-0.012304691597819328,0.005347760859876871
20161123,0.042538564652204514,-0.01516944169998169,-0.003005827311426401,0.005307323299348354,-0.005926397629082203,0.008969765156507492,0.006981566548347473,0.0002705396618694067,0.008113070391118526,0.024463817477226257
20161124,0.0008252381812781096,0.0003310229512862861,-0.0001729593932395801,0.0005752817960456014,-0.0004547018907032907,0.005465956870466471,0.001515301177278161,0.002496578963473439,0.0013828403316438198,-0.0005923326825723052
20161125,0.005374320782721043,0.0015784627757966518,-0.0014757697936147451,0.0019526752876117826,-0.009725037030875683,0.0022911434061825275,-0.0038250135257840157,-0.0007653387729078531,-0.0018217610195279121,0.006625740323215723
20161126,0.0008252381812781096,0.0003310229512862861,-0.0001729593932395801,0.0005752817960456014,-0.0004547018907032907,0.005465956870466471,0.001515301177278161,0.002496578963473439,0.0013828403316438198,-0.0005923326825723052
20161127,0.0008252381812781096,0.0003310229512862861,-0.0001729593932395801,0.0005752817960456014,-0.0004547018907032907,0.005465956870466471,0.001515301177278161,0.002496578963473439,0.0013828403316438198,-0.0005923326825723052
20161128,0.011359777301549911,0.0004907292313873768,0.006527770310640335,-0.00484458077698946,0.01415382418781519,-0.001552356407046318,0.0013006944209337234,-0.0017782701179385185,-0.006213610991835594,-0.0022230069153010845
20161129,0.007893855683505535,0.0032077725045382977,0.0031758523546159267,-0.0024046190083026886,0.013450074009597301,0.0069562881253659725,0.003170971293002367,-0.0122589822858572,0.01336102094501257,1.3606128050014377e-05
20161130,0.00018392561469227076,-0.013460288755595684,-0.014948226511478424,-0.001182529958896339,-0.010837460868060589,0.03471042960882187,0.011254677549004555,0.02799110859632492,-0.00022510671988129616,0.00045303217484615743
20161201,0.029905347153544426,-0.027303090319037437,-0.03807367756962776,0.01919030211865902,-0.03989093005657196,0.08708570152521133,-0.011436537839472294,0.032292772084474564,0.030281055718660355,0.03206196054816246
20161202,0.009940678253769875,-0.0035505322739481926,0.0061007835902273655,0.007396564818918705,0.009779084473848343,-0.01035303808748722,0.016960039734840393,-0.010853343643248081,-0.005555804818868637,0.0024551977403461933
20161203,0.0008252381812781096,0.0003310229512862861,-0.0001729593932395801,0.0005752817960456014,-0.0004547018907032907,0.005465956870466471,0.001515301177278161,0.002496578963473439,0.0013828403316438198,-0.0005923326825723052
20161204,0.0008252381812781096,0.0003310229512862861,-0.0001729593932395801,0.0005752817960456014,-0.0004547018907032907,0.005465956870466471,0.001515301177278161,0.002496578963473439,0.0013828403316438198,-0.0005923326825723052
20161205,-0.024758853018283844,0.028130918741226196,0.03187442943453789,-0.014613616280257702,0.024697287008166313,-0.046396054327487946,-0.0070864115841686726,-0.01446725707501173,-0.007391260005533695,-0.023095205426216125
20161206,0.03715512901544571,-0.009885605424642563,0.02019059658050537,-0.009254870936274529,0.045864611864089966,-0.038882963359355927,0.036494180560112,-0.04518955945968628,-0.02539234049618244,0.005294478964060545
20161207,-0.04632658511400223,0.0318879596889019,0.040229640901088715,-0.025352364405989647,0.03932063281536102,-0.04189072176814079,-0.012005947530269623,-0.026535339653491974,-0.06081134453415871,-0.03753034770488739
20161208,0.02556372433900833,-0.0062581803649663925,-0.0028604380786418915,-0.023002365604043007,0.030332740396261215,-0.024469811469316483,0.014687592163681984,-0.029380787163972855,-0.02733357809484005,-0.00621263450011611
20161209,0.005908335093408823,0.0014914502389729023,-0.0175599567592144,0.009814211167395115,-0.007329171057790518,-0.010376984253525734,0.013985653407871723,0.0075977095402777195,-0.007713683880865574,-0.006074836011976004
20161210,0.0008252381812781096,0.0003310229512862861,-0.0001729593932395801,0.0005752817960456014,-0.0004547018907032907,0.005465956870466471,0.001515301177278161,0.002496578963473439,0.0013828403316438198,-0.0005923326825723052
20161211,0.0008252381812781096,0.0003310229512862861,-0.0001729593932395801,0.0005752817960456014,-0.0004547018907032907,0.005465956870466471,0.001515301177278161,0.002496578963473439,0.0013828403316438198,-0.0005923326825723052
20161212,0.03055640496313572,-0.008972077630460262,-0.024377688765525818,0.0011450956808403134,-0.017853302881121635,0.008874047547578812,0.009365650825202465,-0.014253516681492329,0.004804168827831745,0.02166840061545372
20161213,-0.03132559731602669,0.01609313115477562,0.017105314880609512,0.002860860899090767,0.004772000480443239,-0.02502923272550106,-0.0015526687493547797,-0.0030895257368683815,-0.02771485038101673,-0.0207507386803627
20161214,0.04178500175476074,0.0010835076682269573,0.030557826161384583,0.005512506701052189,0.018168408423662186,-0.01365111768245697,0.0066138869151473045,0.008330754935741425,0.04913589358329773,0.01927778869867325
20161215,0.04225556179881096,-0.006479897536337376,0.0216404777020216,0.00038477967609651387,0.024580636993050575,-0.011661216616630554,0.016627663746476173,-0.015558733604848385,0.00825364887714386,0.016097862273454666
20161216,0.00796318519860506,-0.002180401934310794,0.002276245504617691,0.006921395659446716,-0.015964046120643616,0.011167853139340878,-0.0017328975955024362,0.01629827544093132,0.01055123284459114,0.011079075746238232
20161217,0.0008252381812781096,0.0003310229512862861,-0.0001729593932395801,0.0005752817960456014,-0.0004547018907032907,0.005465956870466471,0.001515301177278161,0.002496578963473439,0.0013828403316438198,-0.0005923326825723052
20161218,0.0008252381812781096,0.0003310229512862861,-0.0001729593932395801,0.0005752817960456014,-0.0004547018907032907,0.005465956870466471,0.001515301177278161,0.002496578963473439,0.0013828403316438198,-0.0005923326825723052
20161219,0.026644356548786163,0.009099608287215233,0.016352802515029907,-0.0025572131853550673,0.009982755407691002,-0.013586388900876045,0.007790133357048035,-0.030107278376817703,0.010210870765149593,0.017376888543367386
20161220,0.03376602753996849,0.0016415957361459732,0.018549149855971336,-0.008330041542649269,0.017749277874827385,-0.035814978182315826,0.011387107893824577,-0.02078131213784218,0.002503280993551016,0.01233232393860817
20161221,0.01888781599700451,-0.0037777326069772243,-0.007391714956611395,0.014593221247196198,-0.01864519901573658,0.00988812930881977,0.0031377621926367283,-0.0028347065672278404,0.031163370236754417,0.020620545372366905
20161222,0.030795039609074593,-0.0006075474666431546,0.0013213305501267314,-7.694930536672473e-05,-0.008619098924100399,0.008437741547822952,-0.0034621343947947025,-0.007482140325009823,0.032750509679317474,0.02519848197698593
20161223,0.005491775460541248,3.452293458394706e-05,0.011689389124512672,0.001617850037291646,0.0024543418549001217,-0.005624293815344572,0.004177214112132788,0.009569330140948296,0.0002051088958978653,0.0014531540218740702
20161224,0.0008252381812781096,0.0003310229512862861,-0.0001729593932395801,0.0005752817960456014,-0.0004547018907032907,0.005465956870466471,0.001515301177278161,0.002496578963473439,0.0013828403316438198,-0.0005923326825723052
20161225,0.0008252381812781096,0.0003310229512862861,-0.0001729593932395801,0.0005752817960456014,-0.0004547018907032907,0.005465956870466471,0.001515301177278161,0.002496578963473439,0.0013828403316438198,-0.0005923326825723052
20161226,0.0008252381812781096,0.0003310229512862861,-0.0001729593932395801,0.0005752817960456014,-0.0004547018907032907,0.005465956870466471,0.001515301177278161,0.002496578963473439,0.0013828403316438198,-0.0005923326825723052
20161227,0.03577510640025139,0.0027140057645738125,0.04589245840907097,-0.0009680826915428042,0.04119469225406647,-0.0515800379216671,0.02764279581606388,-0.014213440008461475,0.0010225573787465692,0.006252845749258995
20161228,-0.02295643277466297,-0.009439593181014061,-0.05286399647593498,0.00836305320262909,-0.057182833552360535,0.0597524493932724,-0.0224104356020689,0.019932642579078674,-0.014190535992383957,0.003301708959043026
20161229,0.012577982619404793,0.002651854883879423,0.01631074771285057,-0.00487078633159399,0.01786993071436882,0.00984708871692419,0.003120242618024349,0.0061234040185809135,0.03200506046414375,0.002758144633844495
20161230,-0.008973656222224236,-0.013166883960366249,-0.0352465957403183,0.004275607876479626,-0.03491077572107315,0.049452394247055054,-0.007842603139579296,0.021108269691467285,-0.003979207016527653,0.004072287119925022
20161231,0.0008252381812781096,0.0003310229512862861,-0.0001729593932395801,0.0005752817960456014,-0.0004547018907032907,0.005465956870466471,0.001515301177278161,0.002496578963473439,0.0013828403316438198,-0.0005923326825723052
20170101,0.0008252381812781096,0.0003310229512862861,-0.0001729593932395801,0.0005752817960456014,-0.0004547018907032907,0.005465956870466471,0.001515301177278161,0.002496578963473439,0.0013828403316438198,-0.0005923326825723052
