,AAL,AAPL,CVS,DAL,GOOGL,JNJ,LUV,MSFT,WFC
20150102,0.005220935344696143,-0.00951261937618253,-0.012563508749008245,-0.0002034918777644723,-0.002091477513313289,-0.00047810479998589006,0.008742794394493103,0.006673790812492308,-0.0021891711652278767
20150103,0.0,0.0,0.0,0.0,0.0,0.0,0.0,0.0,0.0
20150104,0.0,0.0,0.0,0.0,0.0,0.0,0.0,0.0,0.0
20150105,-0.0006492980569601237,-0.028171675205230673,-0.009884357452392578,-0.01667328596115114,-0.019054077863693175,-0.0069844132661819325,-0.024595994949340727,-0.009302771687507594,-0.02742230415344238
20150106,-0.015498964786529568,9.41377505661034e-05,0.0007433311641216189,-0.023573188781738308,-0.0246796083450318,-0.004913788735866564,-0.028337960243225102,-0.014571032524108851,-0.020864675045013437
20150107,-0.0005655879154801147,0.014022189378738448,0.018040932416915956,-0.0052943664789200096,-0.0029409256577491716,0.02207589864730819,0.00840326964855187,0.012705408334731993,0.005951191782951337
20150108,0.0122620117664336,0.03842226743698118,0.021265597343444798,0.02597405195236213,0.003484133780002452,0.007862844467163121,0.02647063016891482,0.0294181418418884,0.022137477397918603
20150109,-0.030562789440155114,0.0010725064575671794,-0.0005103914439679169,-0.02718401193618769,-0.012211127281188894,-0.01362900018692037,-0.02602701663970952,-0.008404999375343447,-0.016430263519287114
20150110,0.0,0.0,0.0,0.0,0.0,0.0,0.0,0.0,0.0
20150111,0.0,0.0,0.0,0.0,0.0,0.0,0.0,0.0,0.0
20150112,-0.04690507888793949,-0.02464067459106456,-0.007352953553199648,-0.0174916219711303,-0.007309299111366352,-0.003430537283420465,-0.01323837637901304,-0.01250257015228251,-0.0119588029384613
20150113,0.016538766622543388,0.00887879967689531,0.0004116105660796343,0.011941013336181694,0.009536051154136693,0.001721100211143467,0.005714179277420017,-0.005257732868194642,-0.003842400312423666
20150114,-0.019642665386199964,-0.003810543715953907,0.0009255073219536225,-0.02789107561111448,0.008230136036872837,-0.0072546976804732655,-0.025691535472869953,-0.008628927469253589,-0.011571958065032972
20150115,0.0,-0.027140283584594638,-0.0016439294815061567,-0.00573812663555151,-0.0037948375940323187,-0.014519104957580575,-0.013691899776458571,-0.010336331129074061,-0.010341439247131379
20150116,0.008095403313636673,-0.007770025730133079,0.016157325506210185,0.017535921335220417,0.012787580490112305,0.015123305320739577,0.014910075664520184,0.01671085834503172,0.018138765096664455
20150117,0.0,0.0,0.0,0.0,0.0,0.0,0.0,0.0,0.0
20150118,0.0,0.0,0.0,0.0,0.0,0.0,0.0,0.0,0.0
20150119,0.0,0.0,0.0,0.0,0.0,0.0,0.0,0.0,0.0
20150120,0.059024343490600595,0.02575710296630862,-0.00020265728235258074,0.0726440238952637,-0.0010091715306044247,-0.026432142257690416,0.033181300163269034,0.0032438123226166127,0.006971352100372252
20150121,0.017440723180770945,0.007634305953979625,0.011487292051315379,0.00020326433703288238,0.02049251317977907,0.006022318005561855,0.02549665927886946,-0.010131520032882757,0.0019231942296029647
20150122,0.03577414274215718,0.02601543188095068,0.007839183807373029,0.030906963348388716,0.03249516725540169,0.018253195285797164,0.08415022850036613,0.026350321769714302,0.03205370426177967
20150123,0.001798994541168275,0.0051601582765579135,0.0033905461430547845,-0.0027613294124604337,0.008654200434684789,-0.015034744739532369,0.009481645226478541,0.0010606362670662062,-0.009485023617744393
20150124,0.0,0.0,0.0,0.0,0.0,0.0,0.0,0.0,0.0
20150125,0.0,0.0,0.0,0.0,0.0,0.0,0.0,0.0,0.0
20150126,-0.00430966943502431,0.0010622266680002657,0.0038759627938271812,-0.008109250068664364,-0.009650301337242206,0.0005871349200605724,0.01354292511940014,-0.003603183329105364,0.006008399724960256
20150127,-0.049684214591980025,-0.035013384819030824,-0.0018809504806996946,-0.01934200048446666,-0.028935067653656055,-0.001662485748529341,-0.011206661462783818,-0.09253332138061532,-0.011384855508804304
20150128,-0.03937777519226071,0.05653287887573244,-0.012100784778594997,-0.014639813899993914,-0.016807711124420144,-0.0059750515222548595,-0.001743718832731389,-0.034458534717559886,-0.015291627645492634
20150129,0.03200336933135994,0.03113350152969363,0.005120503306389024,0.036112253665923966,0.0015612843632699658,0.008868832588195597,0.025982584953308185,0.01990755081176765,0.011502890586853054
20150130,-0.060490107536315896,-0.014634064435958938,-0.019478617906570572,-0.05775759220123278,0.047386298179626474,-0.021879398822784446,-0.03851910114288326,-0.03832422733306873,-0.015921084880828884
20150131,0.0,0.0,0.0,0.0,0.0,0.0,0.0,0.0,0.0
20150201,0.0,0.0,0.0,0.0,0.0,0.0,0.0,0.0,0.0
20150202,-0.007334975600242655,0.012546954154968093,0.009678044915199191,-0.0169098091125488,-0.009952743053436297,0.006890454292297399,-0.014386763572692973,0.021782302856445224,0.017141745090484717
20150203,-0.02504107475280759,0.00016849879175429017,0.010291714668273944,-0.01075037717819205,0.0020670758187770755,0.016165795326232857,-0.028744640350341744,0.007752115726471054,0.012118905782699585
20150204,0.041263298988342356,0.007669582962989807,0.003295657336711777,0.020647952556610116,-0.013500751256942611,-0.01073588132858283,0.032138714790344025,0.005768995285034162,-0.0013096010684967574
20150205,-0.01112028047442426,0.007109505832195273,0.002986217439174599,-0.017461823225021433,0.007089868187904358,0.010852391719818222,-0.003808202743530109,0.014579365253448495,0.012068629264831543
20150206,-0.013624120950698981,-0.008420957922935512,-0.0014886254072189464,-0.013654202222824097,0.007634375691413897,-0.013273403644561865,-0.007420774102211092,-0.0009421269595621951,0.01453323602676404
20150207,0.0,0.0,0.0,0.0,0.0,0.0,0.0,0.0,0.0
20150208,0.0,0.0,0.0,0.0,0.0,0.0,0.0,0.0,0.0
20150209,-0.033544611930847124,0.006642634868621933,-0.010436443090438785,-0.023291532993316766,-0.008606829047203113,-0.01305652618408204,-0.01993667602539062,-0.0011790391057731053,-0.004407534301281046
20150210,0.032667188644409206,0.019211517572403025,0.02129372119903561,0.019572788476944103,0.020556004047393772,0.005712717771530151,0.012020442485809246,0.005665851831436086,0.0066408514976501465
20150211,-0.00957350015640257,0.02343878269195554,0.00894960701465597,-0.007502461075782785,-0.0039986529946328675,0.0002989414520562228,-0.006395586729049718,-0.005164347290992688,-0.012278052568435616
20150212,0.006093897223472533,0.012652097940444751,0.00399652659893035,-0.003779417276382535,0.014888494014740239,-0.01932665705680847,0.0,0.016752982139587314,0.017810887098312467
20150213,0.010651513338089114,0.004902757406234803,-0.0035921114683150623,-0.006918044686317404,0.009431882500648525,0.011986922025680524,-0.00459763109683986,0.018101620674133345,0.008567284345626813
20150214,0.0,0.0,0.0,0.0,0.0,0.0,0.0,0.0,0.0
20150215,0.0,0.0,0.0,0.0,0.0,0.0,0.0,0.0,0.0
20150216,0.0,0.0,0.0,0.0,0.0,0.0,0.0,0.0,0.0
20150217,-0.007852963209152186,0.005901793837547409,0.008964221477508305,0.00584257304668423,-0.011158108711242676,0.008231429457664419,-0.016397382020950424,0.0004560458660125555,0.0007228137552737213
20150218,0.027077758312225253,0.00692315399646759,0.005311472415924001,0.013405046164989276,-0.004330392777919689,-0.004779005348682475,0.022540662288665914,-0.0011473852396011175,-0.015351109504699645
20150219,0.009531560540199324,-0.0020588074624539043,-0.014217202663421524,0.014358158111572372,0.00700276315212256,0.007402862906455976,0.004821847081184272,-0.0006891518831253496,0.0007335525006053611
20150220,0.024909713268280065,0.00813544750213624,0.000779518634080878,0.03310113906860357,-0.008509292006492752,0.0025819778442381924,0.02330905914306647,0.008160821199417079,0.004948758780956464
20150221,0.0,0.0,0.0,0.0,0.0,0.0,0.0,0.0,0.0
20150222,0.0,0.0,0.0,0.0,0.0,0.0,0.0,0.0,0.0
20150223,0.005683913230895898,0.027066721916198633,0.005452826023101709,-0.005269814133644246,-0.012550845146179102,-0.0007979436218737979,-0.002009744048118711,0.006726672053336991,0.004924389123916573
20150224,0.004092900454998105,-0.006240615248680026,0.0009684883058072025,0.01780030250549336,0.006822247505187784,0.005190623402595573,0.014768486022949334,-0.00135894834995276,0.004899981617927374
20150225,-0.03474300000000008,-0.025573163032531654,0.0007740114629268824,-0.024776232242584184,0.01611468911170988,0.005064645409583957,-0.02712261915206926,-0.0022678805887698106,-0.0007222916930912371
20150226,-0.0076410549879074585,0.012617440223693821,0.007057115435600281,-0.01964129447937013,0.021851458549499547,0.015709948539733842,-0.0009064662456511607,0.0014773170650004275,-0.003253351449966413
20150227,-0.029382209777832013,-0.01499050498008725,-0.0028798639774322288,-0.03048767328262325,0.005971577167510844,-0.002821094393730128,-0.019056177139282093,-0.004652970433235315,-0.00652766346931466
20150228,0.0,0.0,0.0,0.0,0.0,0.0,0.0,0.0,0.0
20150301,0.0,0.0,0.0,0.0,0.0,0.0,0.0,0.0,0.0
20150302,0.008559576272964442,0.00490416944026939,0.003080844581127229,0.019541667699813692,0.022021825313568222,0.0069262188673020475,0.02266409873962405,0.0006841225922107341,0.013871324062347368
20150303,0.009521977305412266,0.002091715335845956,-0.0071025341749192394,0.008592187762260561,0.006564819216728246,-0.008525599837303166,-0.004522715806961175,-0.013673793077468854,-0.00180028975009916
20150304,0.0036906430125236422,-0.006339073181152455,-0.0035764861106872825,-0.013761575222015487,-0.0008031234145164934,-0.006742181181907725,0.0011371197551490742,-0.005198847055435163,-0.011361401081085187
20150305,-0.011337951421737769,-0.01657057762145997,0.002716324627399347,-0.01683266043663012,0.005368872284889248,0.008558881878852898,0.002045253515243539,0.001277620345353947,0.0003646298870443321
20150306,-0.008265504837036142,0.0015030647814273657,-0.014125450849533094,-0.013741847276687702,-0.014679466485977177,-0.023507640361785875,-0.01814065575599666,-0.017397354841232282,-0.004558716714382127
20150307,0.0,0.0,0.0,0.0,0.0,0.0,0.0,0.0,0.0
20150308,0.0,0.0,0.0,0.0,0.0,0.0,0.0,0.0,0.0
20150309,-0.0015625993907451008,0.004265289008617668,0.005888110399246305,0.018044965267181468,0.0020949476957321522,0.005493986606597945,0.002309257239103246,0.011567646265029818,0.0014655035734176813
20150310,-0.024728665351867685,-0.020685837268829443,-0.009463426470756375,-0.025802309513092037,-0.02482145547866821,-0.011226031780242951,-0.010598882436752222,-0.019136691093444735,-0.025242452621459965
20150311,0.014015165567398125,-0.01823137879371639,0.00029546715319161976,0.013818657398223966,-0.007430839538574263,-0.012157052755355724,0.020959334373474192,-0.001189699098467889,0.0076938205957413075
20150312,0.027220790386200067,0.018079054355621293,0.013785045146942121,0.02975914239883415,0.009861579537391751,0.01535795807838447,0.02577566146850585,-0.02286783218383792,0.03519552230834955
20150313,0.011093028783798253,-0.006910411119460891,0.002913708388805336,0.003750235140323799,-0.014558731317520168,-0.006210508942604109,-0.010229190587997428,0.008776220679283186,-0.004497212171554632
20150314,0.0,0.0,0.0,0.0,0.0,0.0,0.0,0.0,0.0
20150315,0.0,0.0,0.0,0.0,0.0,0.0,0.0,0.0,0.0
20150316,0.02031694412231455,0.011004132032394365,0.010943223237991129,0.014505574703216562,0.015623675584793162,0.018647220134734965,0.022242319583892778,0.004349749982357043,0.0070473331212996815
20150317,0.06909600257873527,0.016726722717285147,-0.013123742341995204,0.010615038871765181,-0.007175033688545218,-0.011577262878417982,0.015604543685912908,0.0032485508918762562,0.00323000073432933
20150318,0.008195239901542806,0.011256419420242247,0.004562232196331006,-0.018006354570388794,0.015332944393158021,0.015717362165450943,-0.010170983076095541,0.019306691884994454,0.004650232195854143
20150319,0.01958243966102624,-0.007589426636695706,-0.0014495773613452112,0.031652412414550746,-0.004398033320903716,0.0022669361531735266,0.013336260318756121,-0.00505873739719398,-0.011750110387802049
20150320,0.010327813625335525,-0.012510303258895905,0.005032048821449253,0.0033856046199798318,0.0022708845138550426,0.00698191940784465,0.00021563118323686403,0.014071211814880469,0.009007387161255043
20150321,0.0,0.0,0.0,0.0,0.0,0.0,0.0,0.0,0.0
20150322,0.0,0.0,0.0,0.0,0.0,0.0,0.0,0.0,0.0
20150323,-0.024479742050170894,0.010405124425888035,0.006739738583564803,-0.0177139687538147,0.0007437225431203842,0.005664080381393433,-0.01984465360641474,-0.0005832358449696651,-0.004106333553791086
20150324,-0.008548792600631794,-0.00408770233392719,-0.0006693232059479248,-0.011807707548141422,0.02152558326721188,-0.009904803037643406,-0.011443755626678542,0.0010500098764896215,-0.007708725333213762
20150325,-0.03560167789459223,-0.026126744747161923,-0.016843808889388967,-0.032804574966430744,-0.01824988484382639,-0.015888684988021873,-0.02671409130096447,-0.03356613874435421,-0.014634376764297463
20150326,-0.01432407617568976,0.0069703400135039395,-0.0072032535076140825,-0.009658757448196331,-0.00592611551284794,-0.0019931927323341148,-0.012351521253585851,-0.00602990746498111,-0.0007332836836576595
20150327,0.027211630344391002,-0.007968552708625731,0.005000361204147374,0.017918090820312482,-0.010804493427276518,0.001997173428535337,0.024548702239990172,-0.005823961496353114,-0.006972566843032935
20150328,0.0,0.0,0.0,0.0,0.0,0.0,0.0,0.0,0.0
20150329,0.0,0.0,0.0,0.0,0.0,0.0,0.0,0.0,0.0
20150330,0.018609868288040232,0.02531442403793327,0.01297570228576661,0.01515135049819949,0.006429845690727243,0.012059142589569083,0.007685269117355231,-0.00024394694715734744,0.012010517120361275
20150331,-0.016032823324203527,-0.015351763963699416,-0.00597132503986364,-0.013169246912002608,-0.011467932462692398,-0.00935496628284449,-0.006280815601348744,-0.007446481585502651,-0.006755712032318173
20150401,-0.0443349075317383,-0.001446598917245745,-0.009204578399658159,-0.03781165361404415,-0.009392395019531152,-0.014413714408874512,-0.019187495708465563,0.001598879396915498,-0.0084557265043258
20150402,-0.02507928848266594,0.008611729145049818,0.004400592148304128,-0.023347079753875732,-0.01488640666008012,0.004942062795162183,-0.013578742742538563,-0.010560115575790285,0.007971684336662177
20150403,0.0,0.0,0.0,0.0,0.0,0.0,0.0,0.0,0.0
20150404,0.0,0.0,0.0,0.0,0.0,0.0,0.0,0.0,0.0
20150405,0.0,0.0,0.0,0.0,0.0,0.0,0.0,0.0,0.0
20150406,-0.022267434597015412,0.01619858145713815,0.007009965181350664,-0.011597763299941999,0.004876858592033351,-0.00481729954481136,-0.041297345161438015,0.03114929437637337,-0.005333700776100181
20150407,-0.012167360782623371,-0.010522272586822479,-0.002900394499302017,-0.0028734466433524286,0.0016732352972030906,0.00947973012924197,0.006084206104278511,-0.000361039601266433,-0.0011094222962855227
20150408,0.026213507652282697,-0.003253617882728488,-0.0019394180178642362,0.039625213146209814,0.007304591536521743,0.0005993761122227159,0.03652660608291636,-0.002648702561855343,-0.00037031229585415826
20150409,-0.01846551179885858,0.007643182277679461,-0.005440567135810759,-0.0034648630023003113,-0.0014941845834254286,0.011681290864944405,-0.00070008806884303,0.0014485166966915486,0.003518563807010544
20150410,-0.002299344092607458,0.0042668789625168735,0.0016606248915194133,0.0020861460268497556,0.0009489060938359106,0.007204066514968854,0.0,0.005786054134369056,0.0023990565538407616
20150411,0.0,0.0,0.0,0.0,0.0,0.0,0.0,0.0,0.0
20150412,0.0,0.0,0.0,0.0,0.0,0.0,0.0,0.0,0.0
20150413,0.0012570199370383062,-0.001966954916715724,-0.0039009314775466652,-0.0037008655071257834,0.00018203506246194934,-0.014795089960098262,-0.0014015135169027637,0.0009586118161677426,0.004970341920852661
20150414,-0.007742104530334526,-0.0043358534574508,-0.0002936278656124891,0.0002320525981485133,-0.016148777008056614,-0.000298346858471521,-0.00608032107353218,-0.0026341146230697277,-0.007327237725257896
20150415,0.006959127783775276,0.0038003805279731573,-0.0037215244770050226,0.025998029708862225,0.0023343023657798057,0.0007958796620368691,-0.01482364416122428,0.014526076316833558,0.011441134214401183
20150416,0.01026189565658564,-0.004811489284038406,-0.005504818558693003,0.017873498201370408,0.0045837283134460005,-0.008051891922950749,0.009075828194618163,-0.002248283326625744,0.0
20150417,-0.0010365474224091065,-0.011254642009735139,-0.007709783315658636,-0.005112490653991664,-0.019833730459213328,-0.002104333788156554,-0.01088773250579822,-0.012926900386810325,-0.013865983486175404
20150418,0.0,0.0,0.0,0.0,0.0,0.0,0.0,0.0,0.0
20150419,0.0,0.0,0.0,0.0,0.0,0.0,0.0,0.0,0.0
20150420,0.032579207420349254,0.022845802307128737,0.008865419030189559,0.02167116403579694,0.022130944728851354,0.0063266205787657626,0.018665090799331763,0.030998272895812917,0.005735384821891731
20150421,0.032154467105865336,-0.005407541990280151,0.0012836939096452227,0.010933742523193457,-0.0029474601149557245,0.0008981534838676808,0.010805529356002985,-0.006293072700500502,-0.0014717039465904636
20150422,0.0007786854356528483,0.013473986387252834,0.0016762848198412783,0.006489359140396056,0.011520711183547805,0.0012960080802439933,-0.004182958006858972,0.008209362030029421,0.007184955477714583
20150423,0.0009728221595286524,0.00816360652446746,-0.0034573826193807777,-0.002149282246827977,0.015077079534530524,0.0002987793274225048,0.009567989110946806,0.008258595466613672,0.0034754425287246704
20150424,0.024392709732055762,0.0047042539715766996,0.00693890631198868,0.01184585690498352,0.0290602946281433,0.006171637773513705,0.0053169441223144265,0.104522361755371,-0.0029165816307067383
20150425,0.0,0.0,0.0,0.0,0.0,0.0,0.0,0.0,0.0
20150426,0.0,0.0,0.0,0.0,0.0,0.0,0.0,0.0,0.0
20150427,-0.015843025445938075,0.01819154977798454,-0.003544010519981322,-0.011281371116638184,-0.013143318891525202,-0.004946576356887777,-0.027592828273773073,0.003342462480068198,0.004936093091964633
20150428,-0.01310955762863164,-0.015755721330642625,0.007409602403640747,-0.0053821319341659235,-0.003091216683387854,0.001590809822082484,-0.009458358287811386,0.023422861099243297,0.00800441026687615
20150429,-0.045125951766967765,-0.014705868959426938,-0.012748951911926376,-0.025324637889862167,-0.005280621051788392,-0.003474425971508044,-0.022439782619476323,-0.001932686865329658,0.0009024192392828034
20150430,-0.010126865506172256,-0.027129957675933736,-0.01370820403099049,-0.008660879135131916,-0.02247969388961779,-0.0118537950515748,-0.009523795247077915,-0.008560909032821695,-0.006491175293922513
20150501,0.022884864807128924,0.030363526344299174,0.011783800125122035,0.02284955739974981,0.004354998469352722,0.009375157356262376,0.05029607295990002,0.0003083756193520415,0.0016333271563053753
20150502,0.0,0.0,0.0,0.0,0.0,0.0,0.0,0.0,0.0
20150503,0.0,0.0,0.0,0.0,0.0,0.0,0.0,0.0,0.0
20150504,-0.008908735513687094,-0.001938735991716345,-0.002986217439174599,-0.008103599548339835,0.003048436045646863,0.0021971556544304605,-0.01807521462440498,-0.008529304265975979,0.009784259200096068
20150505,-0.03973426342010489,-0.02253291606903074,-0.014177372455597026,-0.03069109201431275,-0.01771790146827712,-0.008470489382743862,-0.031078245639800994,-0.013266984224319378,-0.00017933800816538614
20150506,0.0008508303761483038,-0.006279876828193753,0.0013164839148522844,0.005694845020771,-0.014667006731033272,-0.0033166012167931136,0.008635729551315308,-0.027731242179870663,-0.007627477049827469
20150507,0.042831320762634295,0.0061595068871975744,0.004956058561802035,0.029505290985107235,0.013007326126098562,0.004941065907478448,0.029843471050262416,0.009075155258178702,-0.002002924531698258
20150508,-0.0004077512025832952,0.018840816020965656,0.013083842992782646,0.0178570890426637,0.012747973203659058,0.018161801099777053,0.026840605735778844,0.022484006881714036,0.022623710632324157
20150509,0.0,0.0,0.0,0.0,0.0,0.0,0.0,0.0,0.0
20150510,0.0,0.0,0.0,0.0,0.0,0.0,0.0,0.0,0.0
20150511,0.012337093353271378,-0.010186455249786452,-0.0016888351738453267,0.013861802816391045,-0.005774518847465715,-0.00433635592460635,-0.004857540428638396,-0.007958217263221878,-0.00963440716266617
20150512,-0.01601365923881526,-0.0036019170284270485,-0.0024878093600271267,-0.015167517662048269,-0.012917381525039628,-0.0055428081750869,-0.017898749113082868,-0.0004219762608407285,-0.0007204700261355113
20150513,-0.007369509935378993,0.001151940524577899,-0.004289859533309959,0.014750381708145133,0.0014107434451580136,0.0007962757349013749,-0.02319516420364387,0.005807684659957735,0.002343697100877895
20150514,0.006702349185943701,0.02333143949508676,0.021541020870208705,0.013253422975540108,0.01799840807914732,0.01272997140884402,0.02059585094451899,0.022992150783538667,0.00791343748569484
20150515,-0.0030730134248733165,-0.0013958330452441547,0.0010788603872060598,-0.008438690900802626,-0.004934379458427451,0.0046155473589897245,-0.00546048820018763,-0.008723379373550277,-0.009278891682624746
20150516,0.0,0.0,0.0,0.0,0.0,0.0,0.0,0.0,0.0
20150517,0.0,0.0,0.0,0.0,0.0,0.0,0.0,0.0,0.0
20150518,0.006883936524391121,0.011027398109435982,0.00362498998641958,0.007872236371040398,0.0003292496502400599,0.010948067903518766,0.005968011617660585,-0.005901308059692467,0.004142574071883898
20150519,-0.023469262123107848,-0.0009216922521592119,-0.0011714441329241376,-0.024487829208374,0.004774558246135596,0.005221509933471813,-0.029188318252563517,-0.002499327063560375,0.011659083366394096
20150520,-0.10010465621948206,-7.695675361907295e-05,-0.010261877775192274,-0.056048717498779266,0.005880389213561932,-0.0034628024697304083,-0.090931329727173,0.0,-0.005673618912696909
20150521,-0.013701727390289298,0.010226063728332457,0.0238964939117432,0.0029803964495658253,0.007782752513885605,-0.0041507291793823065,0.0010753773152829549,-0.003362834155559602,-0.001248347386717641
20150522,0.003296430110931503,0.008752522468566948,0.0025073474645613825,-0.013028738498687686,-0.004112783074378901,-0.010447026491165134,-0.009938091635704138,-0.010965927839279077,-0.00017844149842860535
20150523,0.0,0.0,0.0,0.0,0.0,0.0,0.0,0.0,0.0
20150524,0.0,0.0,0.0,0.0,0.0,0.0,0.0,0.0,0.0
20150525,0.0,0.0,0.0,0.0,0.0,0.0,0.0,0.0,0.0
20150526,-0.02475963115692137,-0.02203107118606573,-0.01058184981346122,-0.030800991058349658,-0.013218779563903937,-0.005229465365409802,-0.0233315420150757,-0.0066097569465637385,-0.006071363091468718
20150527,0.016484489440918182,0.01870855689048767,0.006125323772430358,0.01624832868576065,0.012902390956878618,0.0030748379230498557,0.027500152587890625,0.021893203258514404,0.0073662167787551525
20150528,-0.006392145752906808,-0.0020068870484830637,-0.0028024089336395885,-0.006583559513092085,-0.0001264201384038044,0.0001976566016674841,-0.004866393804550118,-0.003360715508460954,0.0024968676269052636
20150529,0.009530471563339304,-0.011382607221603225,-0.007849573493003859,0.0158579444885254,-0.015987340211868206,-0.009985191226005607,0.006520116925239572,-0.012434065341949463,-0.004447606801986526
20150530,0.0,0.0,0.0,0.0,0.0,0.0,0.0,0.0,0.0
20150531,0.0,0.0,0.0,0.0,0.0,0.0,0.0,0.0,0.0
20150601,0.04271885395050057,0.0019573602080342756,0.0012696777284146865,0.033317987918853875,0.007133228182792717,-0.0009985867142676685,0.023616815507412126,0.007895755767822088,0.0014293524622916998
20150602,-0.00916701793670649,-0.004404925405979032,-0.006633427739143438,-0.02570460557937626,0.00863056123256678,-0.0005998119339346575,-0.0007925699651242235,-0.006563573479652307,0.0024982050061226335
20150603,-0.014734188318252572,0.0012310587614774438,0.0007856409996747082,0.0006942553818225505,0.002419149726629266,0.0011002261936663427,-0.002644264400005314,-0.001491732001304702,0.012994145154952896
20150604,-0.022258441448211763,-0.0058406031131744696,-0.010205165147781359,-0.007400723695755063,-0.006483274102211167,-0.008592273592948896,-0.010604292154312134,-0.010459027290344092,-0.013530209064483434
20150605,-0.010671020746231163,-0.00548872828483582,-0.00912070751190186,-0.0004660828039049214,-0.0039150834083556685,-0.0064496564865113015,-0.004019537270069207,-0.0047454965114593906,0.008371949195861594
20150606,0.0,0.0,0.0,0.0,0.0,0.0,0.0,0.0,0.0
20150607,0.0,0.0,0.0,0.0,0.0,0.0,0.0,0.0,0.0
20150608,-0.04458294868469237,-0.00660694301128395,-0.005402634143829355,-0.05011641502380382,-0.011009496450424039,-0.006389995217323308,-0.028517558574676527,-0.008886078596115232,-0.008655811548232917
20150609,0.011665738821029725,-0.002973493635654356,0.005733749270439015,-0.0007361663877962776,-0.0024289180338384897,0.002552061975002351,-0.04209372043609605,-0.0017494387924670285,0.010335030555725044
20150610,0.002603738009929746,0.011458222866058243,0.021504468917846742,0.0083496153354643,0.019256653785705735,0.006822096705436653,-0.004047395288944267,0.02102972269058223,0.008994881510734576
20150611,-0.010140699148178167,-0.0022502213716507624,0.004895720481872701,-0.006332063674926669,-0.004632750749588133,0.003640782833099321,0.007256894707679651,-0.003647246658802006,0.0008737596124410718
20150612,0.01711637854576109,-0.011042835712432808,-0.003994968533515997,0.008333243131637635,-0.004672511518001632,-0.008968151211738662,0.008645622134208608,-0.010120611190795992,-0.002968882024288133
20150613,0.0,0.0,0.0,0.0,0.0,0.0,0.0,0.0,0.0
20150614,0.0,0.0,0.0,0.0,0.0,0.0,0.0,0.0,0.0
20150615,-0.015599913597106885,-0.001965872496366594,0.003521821498870814,-0.010695246458053531,-0.008164777755737207,-0.008744286298751791,-0.023142788410186688,-0.01076778531074507,-0.0019267931580544406
20150616,-0.014724519252777069,0.005357828140258869,0.005751497745513978,-0.0031938484311104798,0.003444046378135779,0.008923941850662143,-0.008189492821693567,0.007806392312049937,0.004212100803852037
20150617,0.010131945610046378,-0.0023511208593846034,0.006300370097160224,0.00566910743713378,0.003175032734870964,0.003761641979217689,-0.0020645035803317224,0.0030547541379928322,-0.0008738736808299175
20150618,0.002382176816463355,0.00455618053674689,0.011943653821945288,0.013480465412139875,0.017526221275329545,0.016509799957275417,0.0005911428853868639,0.016314988136291397,0.00927057564258571
20150619,0.03964956045150769,-0.010009373426437373,0.003902639448642553,0.015477613210677976,0.00240945026278494,-0.004982140064239471,0.010632032155990512,-0.013270443677902088,-0.011265059709549052
20150620,0.0,0.0,0.0,0.0,0.0,0.0,0.0,0.0,0.0
20150621,0.0,0.0,0.0,0.0,0.0,0.0,0.0,0.0,0.0
20150622,0.03537058115005487,0.007977839112281782,0.006352427005767769,0.022385973930358904,0.0038741427659987338,0.0023031817376613084,0.016656693220138408,0.0028197312355042747,0.015074505805969363
20150623,-0.00708790779113766,-0.004545172154903354,0.0031091904640199175,0.003960248231887897,0.006628718972206293,-0.0030971881747245966,-0.006035972833633441,-0.006921741366386347,-0.00034543726593261326
20150624,-0.011351680755615323,0.008502063155174211,-0.010707235336303689,-0.010208871364593586,-0.00855504214763636,-0.004509891271591182,-0.006651119589805687,-0.005990179181099009,-0.00604605495929722
20150625,0.0,-0.004761656224727684,-0.0030381399393081265,-0.001406412422656933,-0.0011101869493723715,-0.0021142324805260015,0.004075672924518603,0.00032868172973388177,-0.006430225372314413
20150626,-0.018939464092254554,-0.0058823531866072365,0.007903953790664664,-0.005868543982505803,-0.008764034509658791,0.0052462095022201005,-0.004928911030292582,-0.00854325175285331,0.0047228315472602755
20150627,0.0,0.0,0.0,0.0,0.0,0.0,0.0,0.0,0.0
20150628,0.0,0.0,0.0,0.0,0.0,0.0,0.0,0.0,0.0
20150629,-0.04078190803527837,-0.01751480221748347,-0.009731659293174877,-0.029043939113617023,-0.021354024410247807,-0.019670882225036657,-0.03321720361709579,-0.019664151668548624,-0.024025154113769487
20150630,0.004654026627540553,0.007187119126319752,0.0006680178642273216,-0.0009725994616746059,-0.002235493659973109,-0.002252108752727522,-0.002712367475032895,-0.0049583330750465615,0.0032109871506691423
20150701,-0.028421049118041997,0.009368171691894522,0.007913749814033588,-0.01971756339073183,0.00603660762310021,0.010363168716430726,-0.014203724861144962,0.006682071685790936,0.011913195848465064
20150702,0.0059277242422104415,-0.0012638518214226346,-0.0015135373175145794,-0.0067048484086990046,0.007436110377311733,-0.0003046489134430619,-0.0033721834421158725,-0.0010127893090248197,-0.0029871404170991323
20150703,0.0,0.0,0.0,0.0,0.0,0.0,0.0,0.0,0.0
20150704,0.0,0.0,0.0,0.0,0.0,0.0,0.0,0.0,0.0
20150705,0.0,0.0,0.0,0.0,0.0,0.0,0.0,0.0,0.0
20150706,0.017934844493866064,-0.003479990661144239,-0.007011018991470164,0.011999893188476607,-0.003142416775226531,-0.0024380891025066465,0.015995212793350255,-0.00022510154172772356,-0.005287328362464816
20150707,0.02378573894500735,-0.002460237592458725,0.01497962951660159,0.01729241609573373,0.008082385659217817,0.007331988215446561,0.011504840850830034,-0.0020274011790751834,-0.003366449773311686
20150708,-0.033558828830719145,-0.024822998046875155,-0.020586597919464156,-0.024526340961456228,-0.015144770145416264,-0.011625494956970295,-0.03142780303955073,-0.0013543465733528715,-0.017777777910232495
20150709,0.009157991409301847,-0.020396506786346302,0.014492626190185431,0.009459918141365042,0.0054457288980485075,0.006443588137626577,0.004944488704204497,0.006329085826873859,0.004524886906146941
20150710,0.03882048368453983,0.02673433303832984,0.016461808681488055,0.04710242748260507,0.02104141473770138,0.011483789682388279,0.040282821655273304,0.002021480947732801,0.01045048356056233
20150711,0.0,0.0,0.0,0.0,0.0,0.0,0.0,0.0,0.0
20150712,0.0,0.0,0.0,0.0,0.0,0.0,0.0,0.0,0.0
20150713,0.029361593723297164,0.019305747747421442,0.01600894451141377,0.021431658267974996,0.028087735176086204,0.007435076236725013,0.0029556855559349504,0.02084717988967899,0.011768966913223267
20150714,-0.008486577868461631,-0.00039792332798260777,0.00604613363742823,0.006686847805976726,0.021775927543640217,-0.004886935949325655,-0.0020628376305102947,0.0017567378282545842,0.008988270163535983
20150715,-0.012363393306732195,0.009632983207702672,0.0007284118980168675,0.007558447122573808,-0.00037654615938675917,0.006414105296135064,0.0017719301581382574,0.0030688163638115107,0.009257620573043912
20150716,-0.0036108309030532526,0.013325872421264595,0.00582347035408004,0.010911471843719323,0.03051590681076055,0.006871241331100508,0.019163006544113292,0.019668034315109217,0.006749730110168439
20150717,0.00024147154763332068,0.00863746523857123,-0.003618613481521593,0.010568950176238934,0.16258447647094698,-0.01018691182136544,0.00549572288990019,-0.0008574483543634104,-0.0039538547396658075
20150718,0.0,0.0,0.0,0.0,0.0,0.0,0.0,0.0,0.0
20150719,0.0,0.0,0.0,0.0,0.0,0.0,0.0,0.0,0.0
20150720,-0.02053118228912354,0.018901499509811348,0.0076266932487487615,-0.01891424298286437,-0.00969101548194884,0.0028976145386696572,-0.012945829629897987,0.006435072422027677,0.0018985261023045652
20150721,0.008631092905998283,-0.009994754791259775,-0.00513611257076263,0.012701238393783454,0.0036227837204931834,-0.0002989579364657269,0.01165867686271671,0.007672647833824042,-0.0017227579653265046
20150722,0.012958407402038574,-0.042294387817382706,0.008359130024909955,0.012766122817993164,-0.00035953111946585015,-0.0015945389866829363,0.011811821460723904,-0.036802146434783856,0.009836192727089133
20150723,0.02848197221755977,-0.0004791371524334176,-0.00711833894252778,-0.0013267925381660328,-0.029305300712585414,0.00019960714504119181,0.038724396228790425,0.012516632080078027,-0.00529729187488559
20150724,-0.06993653297424318,-0.005273339748382511,0.0027225974202156333,-0.023472042083740208,-0.029582145214080646,-0.010479072332382211,-0.04057006359100346,-0.0036867961287496698,-0.007387182116508573
20150725,0.0,0.0,0.0,0.0,0.0,0.0,0.0,0.0,0.0
20150726,0.0,0.0,0.0,0.0,0.0,0.0,0.0,0.0,0.0
20150727,0.012868897914886324,-0.013895486593246575,-0.006516436934471126,-0.0038551792502402593,0.005345388054847744,-0.008774535059928867,0.002571323812007753,-0.01284275770187382,-0.003288377523422148
20150728,0.025660159587860054,0.004968644976615977,0.01703550457954428,0.02230847120285029,0.002111432254314538,0.0075295633077621105,0.027643241882324254,-0.00022072248160842634,-0.0032992264628410872
20150729,-0.010687453746795805,-0.0031609609723091125,0.016212805509567163,-0.016254974603652994,0.00268323034048068,0.00717018187046059,-0.01497485637664786,0.02095273494720451,0.009756321907043342
20150730,-0.011293678283691322,-0.005041143894195632,-0.004495256841182571,-0.003395063877105753,0.0047323635220526405,0.0011029841750860303,0.022240798473358137,0.012745985984802255,0.0032779014110564386
20150731,-0.004221459031105046,-0.008743908405303924,-0.004161512255668742,0.007040598988532931,-0.01062365770339968,0.003706033527851149,-0.0030294853448867842,-0.0038397592306137485,-0.004815112650394471
20150801,0.0,0.0,0.0,0.0,0.0,0.0,0.0,0.0,0.0
20150802,0.0,0.0,0.0,0.0,0.0,0.0,0.0,0.0,0.0
20150803,0.04014963626861556,-0.023577909469604474,0.0031119272112847263,0.03134865760803218,0.010980943441391,-0.0018959665298462491,0.03674038410186764,0.0023554736375810403,0.0006913521140814449
20150804,0.024694285392761195,-0.032083842754364045,-0.025350120067596515,0.013558067083358827,-0.005175023674964807,-0.002199648320674874,0.010657978057861284,0.01559486746788008,-0.0015540723502637244
20150805,0.005147430896758953,0.006629467606544592,0.01127673864364609,0.0018338068574665911,0.018161760568618623,0.007214517593383762,-0.0010543974488973484,0.0008415766060354546,0.0035452535748481395
20150806,-0.015829002559185068,0.0021664726734162976,-0.0276977896690368,-0.005615761280059917,-0.004663869142532362,-0.01442503333091738,-0.0021114234626292694,-0.020176684856414773,-0.002081442028284086
20150807,-0.016358162164688106,0.0033874693512916387,-0.0035145172476770403,0.006733554601669356,-0.00859510660171503,-0.0022206641733646393,-0.006082934141159124,0.0025742253661154013,-0.001042891740798968
20150808,0.0,0.0,0.0,0.0,0.0,0.0,0.0,0.0,0.0
20150809,0.0,0.0,0.0,0.0,0.0,0.0,0.0,0.0,0.0
20150810,0.0045791071653367155,0.03635730981826768,0.00816771388053894,-0.0006472227722406076,-0.0018814253807066805,0.009509227275848353,0.005587851405143729,0.012622940540313765,0.008178200721740803
20150811,0.024472274780273473,-0.052038049697875954,-0.004971398115157899,0.016839349269866855,0.04095690250396733,-0.007816402912139808,0.015083551406860574,-0.019437949657440057,-0.012599166631698577
20150812,-0.004215285480022479,0.015419858694076582,0.0022205573320386307,-0.010615710020065339,0.0016948018968103717,-0.003029873967170804,0.008341816067695573,0.007110575437545563,-0.008565031290054259
20150813,0.0035276076197623407,-0.0007810793817043526,-0.006000822782516346,0.01824014425277709,-0.007173067927360388,-0.0023301689326762354,0.00749763727188113,-0.00021415842697014575,0.0029971468448637406
20150814,0.004921648204326612,0.007034348249435274,0.0,0.0037936341762543346,0.004166155457496545,0.003350952863693246,0.010007681846618599,0.005777964591979989,0.0077342671155928855
20150815,0.0,0.0,0.0,0.0,0.0,0.0,0.0,0.0,0.0
20150816,0.0,0.0,0.0,0.0,0.0,0.0,0.0,0.0,0.0
20150817,0.024953169822693022,0.010348434448242294,0.009937911629676721,0.007558273673057503,0.00687582790851593,0.010727634429931632,0.027692995071411097,0.0068086665868758445,0.00034893199801455665
20150818,-0.007280821204185606,-0.005633417963981646,-0.002575007975101573,-0.013127834796905491,-0.007751114368438561,-0.005006508827209433,-0.004573412239551544,0.005494439974427223,0.0033127665519714355
20150819,-0.0022921405732631017,-0.012789680957794092,-0.01567402243614191,-0.005912136435508697,0.007709928154945311,-0.0006037794426083654,0.006469134092330853,-0.013962420225143268,-0.008341949582099994
20150820,-0.03560769796371466,-0.02051995992660538,-0.00693134367465964,-0.02909929990768445,-0.020978701114654497,-0.005236172676086448,-0.03436339855194093,-0.020381827354431392,-0.0164739310741423
20150821,-0.053120436668396054,-0.06116288661956781,-0.035936660766601736,-0.046160583496093754,-0.05217217922210693,-0.025103712677955636,-0.029441730976104696,-0.05672352313995355,-0.038310656547546396
20150822,0.0,0.0,0.0,0.0,0.0,0.0,0.0,0.0,0.0
20150823,0.0,0.0,0.0,0.0,0.0,0.0,0.0,0.0,0.0
20150824,-0.05358502864837644,-0.024962172508239733,-0.01956755518913278,-0.03325715541839591,-0.04024644851684578,-0.028672983646392813,-0.018464702367782526,-0.03227337837219246,-0.05039839267730717
20150825,-0.0031896632909774736,0.0060125130414963035,-0.002095666080713321,-0.018505312204361024,-0.009124808907508886,-0.022516822814941495,-0.01854346513748173,-0.02903051137924184,-0.023999917507171675
20150826,0.03600016355514524,0.05735488891601559,0.028700027465820233,0.05632105827331535,0.07717932701110852,0.048275156021118315,0.023822426795959473,0.05534977436065658,0.045581741333007963
20150827,0.004633015394210904,0.02944651126861575,0.022649888992309686,0.003661411404609627,0.012459409236907915,0.01167070388793956,-0.0021396584808826002,0.027862021923065194,0.033078310489654594
20150828,-0.01050483465194707,0.0032766804099084723,-0.009695785641670063,0.0018240271508693784,-0.01238101124763491,-0.010912523269653196,-0.00562828898429879,0.000683343559503502,-0.009069137573242236
20150829,0.0,0.0,0.0,0.0,0.0,0.0,0.0,0.0,0.0
20150830,0.0,0.0,0.0,0.0,0.0,0.0,0.0,0.0,0.0
20150831,0.00932161211967486,-0.004678248465061152,-0.017085801362991426,-0.00364141225814818,-0.017993109226226767,-0.012503966093063479,-0.010781916379928536,-0.009332767128944375,-0.0039221420884132385
20150901,0.005643951892852606,-0.04469664096832282,-0.020800678730011013,-0.00022828932851548522,-0.02818685531616205,-0.0201106572151184,-0.009264206290245158,-0.039062426090240465,-0.04387767314910884
20150902,0.05892851352691664,0.04288885116577146,0.00837734341621399,0.05071969509124763,0.02438187360763533,0.013682373762130773,0.03740375757217418,0.0368243193626403,0.01961168646812439
20150903,-0.01493604421615602,-0.01753599524497995,0.004747186899185296,-0.02022195816040051,-0.01218753695487984,-0.007605856060981742,-0.007688455581665088,0.003228768110275393,0.008462918400764519
20150904,-0.007092034220695487,-0.009966393113136185,-0.014469865560531758,0.007545413970947212,-0.012699297666549647,-0.014356669187545856,-0.005343226790428091,-0.020459756851196276,-0.02174326896667489
20150905,0.0,0.0,0.0,0.0,0.0,0.0,0.0,0.0,0.0
20150906,0.0,0.0,0.0,0.0,0.0,0.0,0.0,0.0,0.0
20150907,0.0,0.0,0.0,0.0,0.0,0.0,0.0,0.0,0.0
20150908,0.00492603242397327,0.02782085895538322,0.0201757550239563,0.02621151208877559,0.02372157573699951,0.028803033828735503,0.023636984825134322,0.030039868354797328,0.03197503566741955
20150909,0.004901885688304963,-0.01923244714736938,-0.018699785470962405,-0.012449064254760778,-0.000729904323816255,-0.0183095717430114,0.0049856320023538014,-0.01868289113044752,-0.013980547189712533
20150910,0.005122115015983475,0.021970093250274658,0.005686993002891549,0.010432754755020257,0.011921118497848493,0.005421817302703857,0.0015665157139299613,0.0051076370477678434,0.007089386582374679
20150911,0.022809681892395073,0.014568706750869742,0.007142868638038591,0.009249142408370936,0.006481492519378573,0.0022647912800310976,0.004692196846008301,0.004389061331748989,0.0011415061354638212
20150912,0.0,0.0,0.0,0.0,0.0,0.0,0.0,0.0,0.0
20150913,0.0,0.0,0.0,0.0,0.0,0.0,0.0,0.0,0.0
20150914,0.003321456909179732,0.009631299972534313,-0.013396379947662296,-0.0006393601745366961,-0.0043187516927719605,0.004196865260601035,0.008562581539153902,-0.010119652748107888,0.002850801348686094
20150915,0.008276000022888308,0.008412117362022409,0.014377019405364733,0.0,0.019311382770538232,0.01157293677330018,0.0007717721164226532,0.021840209960937607,0.013265054225921613
20150916,0.009849863648414559,0.0011180986464025544,-0.0005906772613525346,0.004265236854553267,0.0006765469908716071,0.002224647551775094,0.006169807910919145,0.007276201844215402,0.004675518870353779
20150917,0.021597955226898113,-0.021390025615692143,-0.0019697122275829093,0.008494567275047382,0.009240747094154234,0.002430987507104909,0.008942414522171038,-0.0011287369579076056,-0.028108608722686834
20150918,-0.011366218328475952,-0.004125713109970008,-0.02279453039169299,-0.017266944646835314,-0.016004885435104366,-0.015288876295089793,-0.0005065654590725721,-0.017401226758956945,-0.022409753799438548
20150919,0.0,0.0,0.0,0.0,0.0,0.0,0.0,0.0,0.0
20150920,0.0,0.0,0.0,0.0,0.0,0.0,0.0,0.0,0.0
20150921,-0.005978609919548017,0.015513528585433978,0.01898427248001089,0.01242772340774545,0.009169126749038803,-0.0027839651703834845,-0.0022801199555397833,0.014489533901214546,0.009992355704307565
20150922,-0.04718930244445807,-0.0157104861736298,-0.008720765113830464,-0.01671943426132194,-0.02066033363342279,0.0011811511218549064,-0.02894868612289425,-0.004760977327823768,-0.016682842969894418
20150923,0.0012139608711003724,0.00811292588710777,0.00599833786487558,0.0027978822588921037,0.00013791778124860876,-0.0026812526583671614,0.00889111638069151,-0.000683343559503502,0.0017754258215427754
20150924,-0.0240059494972229,0.005948151350021469,-0.014508736133575395,-0.014595251083374006,0.002479561865329716,-0.0054845654964447155,-0.010627362728118928,0.0009119796752929954,-0.00452925831079487
20150925,-0.0002483107335864432,-0.0025216808915138333,-0.005646844506263626,0.0028314009308814114,-0.022537465095519904,-0.016003414392471327,-0.0020959348976611336,0.0006831878423692039,0.018397480249404907
20150926,0.0,0.0,0.0,0.0,0.0,0.0,0.0,0.0,0.0
20150927,0.0,0.0,0.0,0.0,0.0,0.0,0.0,0.0,0.0
20150928,-0.02882712602615356,-0.019789003133773853,-0.0229185128211975,-0.02997371435165408,-0.02483777999877923,0.004065880477428285,-0.016802295446395887,-0.014793107509613046,-0.021561784744262735
20150929,0.002558619379997351,-0.030060584545135494,-0.012766070365905824,-0.013882900476455684,-0.0026269805431367033,0.018277314901351982,0.006141408681869409,0.0034652155637742155,0.010323691368103072
20150930,-0.008932896852493322,0.011370009183883978,0.014297736883163381,0.018846547603607267,0.02531280755996712,0.0033320382237433943,0.009554158449172956,0.018876427412033214,0.00903923571109777
20151001,0.009528588652610859,-0.00652766227722168,0.004456964731216484,0.012034958600997792,0.005686172842979564,-0.001928312033414814,0.009726877808570844,0.007907956242561243,0.0017526061832904283
20151002,-0.014540615081787167,0.007300629615783594,0.02115367889404296,-0.011891840696334866,0.023348894119262775,0.008157073259353664,-0.0007810147106648291,0.021519989967346165,-0.003499376475811
20151003,0.0,0.0,0.0,0.0,0.0,0.0,0.0,0.0,0.0
20151004,0.0,0.0,0.0,0.0,0.0,0.0,0.0,0.0,0.0
20151005,0.04038305282592769,0.003623720109462658,0.03041635036468504,0.04657927036285403,0.02235945940017703,0.008836387395858791,0.02397076845169077,0.02326086044311526,0.02243482828140264
20151006,-0.05125646591186528,0.004784246087074173,-0.021084644794464036,-0.03982133865356452,-5.9610330499726416e-05,-0.014140950441360545,-0.03307895660400395,0.002573345601558641,-0.007250617146491889
20151007,0.030946564674377397,-0.0047614660859107705,0.011921405792236328,0.01996028423309326,-0.0024416247010231595,0.01669875383377084,0.01868438720703125,0.0010695839673282581,0.0030752193927763294
20151008,0.0109388947486877,-0.011554421186447117,0.011483972072601212,-0.0006522890925407809,-0.004477612078189752,0.001052917540073528,0.0012913402915000205,0.0138887572288513,0.00670608997344968
20151009,0.06743815422058108,0.023926966190338295,-0.001663875579834051,0.027197558879852313,0.006356806755065669,0.0030499923229216908,0.030443966388702393,-0.007165360450744784,-0.007613131999969491
20151010,0.0,0.0,0.0,0.0,0.0,0.0,0.0,0.0,0.0
20151011,0.0,0.0,0.0,0.0,0.0,0.0,0.0,0.0,0.0
20151012,0.03347399950027463,-0.004636999964714006,0.010490000247955322,0.027323999404907262,0.007731000185012826,0.006499999761581332,0.03204699993133531,-0.002335000038146795,0.0007670000195503235
20151013,-0.009808228015899534,0.0017023938894271673,-0.009896153807640085,-0.015876376628875644,0.0099640625715256,-0.005625674724578866,-0.009703878760337736,-0.002340438514947918,-0.006132466793060232
20151014,0.008984090089797947,-0.014133591651916522,-0.015678721666336104,0.018018032312393295,-0.0040400049090384416,-0.009638535380363411,0.0004896866902708297,-0.00447870999574651,-0.006941778063774162
20151015,0.01506857514381399,0.014971431493759013,0.019512338638305815,0.006997249722480614,0.018533103466033873,0.02771601676940927,0.00979454457759843,0.007069448828697089,0.02310684442520139
20151016,-0.016869093179702754,-0.007330656647682066,0.009471741914749199,0.0038831487298012224,0.0033188778162001054,0.011219882965088024,-0.016489036083221387,0.010636036396026505,0.0036060434579849865
20151017,0.0,0.0,0.0,0.0,0.0,0.0,0.0,0.0,0.0
20151018,0.0,0.0,0.0,0.0,0.0,0.0,0.0,0.0,0.0
20151019,0.016929538249969456,0.006213998794555531,0.001257396042346981,0.023412241935729883,0.0066586351394652965,-0.0030537769198418774,0.02095675945281994,0.0023153151571750907,-0.0060515749454499446
20151020,0.00764896214008326,0.018258377313614016,0.004250909015536264,-0.0023873157799242373,-0.028501968383789045,-0.003573678731918273,-0.0007244331389666403,0.0031501296162605996,0.009893536567687988
20151021,-0.010716583728790363,-8.798246271912724e-05,-0.0029924014210700456,-0.014157358407974163,-0.012058751583099436,0.0004099656268954366,-0.008216809034347516,-0.011932327747345095,0.0007534530013799667
20151022,0.03791487216949441,0.015295339822769316,0.009681479334831211,0.027710256576537917,0.013902714252471915,0.01946116805076592,0.07407429218292227,0.017584785223007326,0.017695831060409617
20151023,-0.0069581925868987815,0.030995752811431965,-0.0032601779699324984,0.0037394696474075673,0.05606804847717295,0.007836821079254097,0.0260887885093688,0.10077028274536115,0.01276364207267755
20151024,0.0,0.0,0.0,0.0,0.0,0.0,0.0,0.0,0.0
20151025,0.0,0.0,0.0,0.0,0.0,0.0,0.0,0.0,0.0
20151026,0.01751703739166266,-0.03191140651702873,-0.004617490172386329,0.006274653673172148,0.01639030456542967,-0.0036885169148445085,0.011939169168472263,0.02610185384750352,-0.008401949405670073
20151027,-0.0002150743827223911,-0.006332305073738276,0.017589560747146793,-0.008768748044967634,0.0023251324892044067,0.002501577138900757,-0.00655457794666281,-0.010322536230087165,-0.0031312984228134555
20151028,-0.012914464473724352,0.04120471954345706,-0.014056447744369538,-0.014350222349166941,0.005594624876975818,0.0028944331407547708,-0.0013194976747036291,0.005401253104210024,0.024575054645538552
20151029,0.0,0.010564154386520475,-9.620342403648952e-05,0.007179908752441344,0.010761245489120608,0.008857477903366107,0.009028928279876558,-0.011485645771026731,-0.006492346525192372
20151030,0.00784999132156372,-0.008545580506324812,-0.0483623456954958,0.00673260092735295,-0.01001571297645587,-0.003354088664054955,0.01025722146034247,-0.013493275642394997,-0.017244454622268646
20151031,0.0,0.0,0.0,0.0,0.0,0.0,0.0,0.0,0.0
20151101,0.0,0.0,0.0,0.0,0.0,0.0,0.0,0.0,0.0
20151102,0.005408913493156309,0.014058580398559783,0.0161977505683899,-0.0027537253499029246,0.014036126136779847,0.011283770799636716,0.009721587300300705,0.011398292779922548,0.013114272356033352
20151103,0.002797477543354132,0.011470597982406572,-0.004881580471992497,0.005917220115661426,0.0014444568753242404,-0.002055314332246816,0.0047069147229195085,0.017092192173004284,0.0014582782983780795
20151104,-0.0187095725536347,-0.00465046346187592,-0.003203444480895934,-0.004019535779952954,0.008666955828666723,-0.00019612241536370867,-0.0068144649267196655,0.004616805613040897,0.0004552918672562356
20151105,-0.0006574353575705683,-0.004590179026126906,-0.0003014365397393526,-0.002368937432766005,0.007096242308616718,0.0038257735967637263,0.0006431985646486726,-0.0003674451634287923,0.005130061507224948
20151106,-0.005701968073844932,0.001157785281538981,-0.008438782095909092,0.01305903792381291,0.0012228375673295488,-0.004006755053997169,0.0038570374250412875,0.00992999672889705,0.018046034574508818
20151107,0.0,0.0,0.0,0.0,0.0,0.0,0.0,0.0,0.0
20151108,0.0,0.0,0.0,0.0,0.0,0.0,0.0,0.0,0.0
20151109,-0.015218405723571804,-0.004047499001026189,-0.007193429470062185,-0.011132658720016675,-0.008968063592910802,-0.010596565008163528,-0.010245697498321493,-0.0138382112979889,-0.006804025769233779
20151110,-0.003583167493343309,-0.03151692152023311,-0.0015308618545533115,-0.0065179103612897915,0.004623911976814332,0.006049193143844667,0.0019411604106427394,-0.012001645565033026,0.007932259440422085
20151111,-0.00224700003862377,-0.005651999711990374,-0.03055999994277958,-0.00636200010776522,0.009218000173568663,0.0040410000085830955,0.005595999956130804,0.002615999877452868,-0.001967000067234048
20151112,-0.011038645505905276,-0.003358878195285797,-0.018239439725875828,0.0,-0.011394931077957193,-0.015609623193740818,-0.0006420971453188207,-0.00615072906017311,-0.011290409564971737
20151113,-0.010250501632690368,-0.02920854091644287,-0.014067844152450548,-0.019807729721069256,-0.021757180690765376,-0.003889567852020326,-0.01713435411453257,-0.009002455472946314,-0.01087530970573436
20151114,0.0,0.0,0.0,0.0,0.0,0.0,0.0,0.0,0.0
20151115,0.0,0.0,0.0,0.0,0.0,0.0,0.0,0.0,0.0
20151116,-0.014269163608551017,0.016334470510482646,0.019714602231979406,-0.021637327671051088,0.013984963893890479,0.013416138887405449,-0.0032685530185698752,0.01750573635101338,0.012827503681182906
20151117,-0.012374475002288832,-0.004247870147228272,0.0018158318102359239,-0.00333796024322508,-0.0059166091680527,0.00276616394519813,0.004153632819652531,-0.00809073150157924,-0.005608784556388802
20151118,-0.013002434968948262,0.03166496992111201,0.01492706298828117,-0.00041876219213010657,0.018807514905929468,0.011527075767517214,0.008273566961288559,0.016613268852233798,0.01291832923889169
20151119,0.013173725605011066,0.012703536748886135,-0.028364291191100954,0.015916115045547574,-9.219399653370708e-05,-0.0017530442774295052,0.012092368602752757,0.0016712409257888527,0.005388953685760534
20151120,-0.0023642103374004186,0.004377941489219772,-0.00605484664440159,0.005153577327728254,0.02244921922683729,0.007220120448619083,0.009601285457611075,0.004634779095649577,-0.002679898142814552
20151121,0.0,0.0,0.0,0.0,0.0,0.0,0.0,0.0,0.0
20151122,0.0,0.0,0.0,0.0,0.0,0.0,0.0,0.0,0.0
20151123,0.0023698130249978355,-0.012992544174194265,-0.004024748802185063,-0.00040994700044383325,-0.00038616321980944335,0.0028299036622048135,0.003169777393341011,0.0,-0.003941261172294652
20151124,-0.02529567956924439,0.00959670901298515,0.007536068558692932,-0.030775539875030566,-0.009102702140808105,-0.007103346586227577,-0.026121876239776576,0.0011071702837943675,-0.005755527019500661
20151125,0.0019403792917727092,-0.007150182127952487,0.017886112928390485,-0.007832564115524354,-0.0004805856198072389,-0.0007839494198560448,-0.007570644021034245,-0.010322536230087276,-0.0010853393375874765
20151126,0.0,0.0,0.0,0.0,0.0,0.0,0.0,0.0,0.0
20151127,0.009198859930038328,-0.0018639431893826552,0.007774345278739769,0.005760706067085231,0.003522815406322488,0.004021145701408546,-0.0013077060878277091,0.004469923973083434,0.0030785614252091253
20151128,0.0,0.0,0.0,0.0,0.0,0.0,0.0,0.0,0.0
20151129,0.0,0.0,0.0,0.0,0.0,0.0,0.0,0.0,0.0
20151130,-0.010314413309097215,0.0041593509912492,-0.0057065254449844005,-0.014424961805343584,-0.011813766956329297,-0.011038289070129492,0.0013094183802604409,0.0077881234884262796,-0.00523548066616053
20151201,0.0484731054306029,-0.008115082383155947,0.014454252719879213,0.02604372024536139,0.02744961500167853,0.011062771081924438,0.025283093452453498,0.0160072684288024,0.011070790290832466
20151202,0.012945281267166209,-0.009033557176589935,-0.00995282351970661,0.013845262527465874,-0.007578485608101038,-0.0030285027623175864,0.009991524219512993,-0.00018099432811125027,-0.01130864858627334
20151203,-0.012551413774490427,-0.009287941455841109,-0.01746025323867806,-0.0022760315239429563,-0.012406177520751904,-0.012346982955932617,-0.0046306303143501815,-0.018293962478637793,-0.01597684860229487
20151204,0.039288115501403764,0.033246543407440265,0.028109860420227006,0.03235167026519781,0.014332219362258813,0.021430656909942503,0.04482999801635734,0.03154994010925294,0.027121794223785356
20151205,0.0,0.0,0.0,0.0,0.0,0.0,0.0,0.0,0.0
20151206,0.0,0.0,0.0,0.0,0.0,0.0,0.0,0.0,0.0
20151207,0.018011952638625983,-0.0063009327650070945,0.009218411445617747,0.04017677783966045,-0.007982406616210969,0.0035940784215926502,0.0034405618906021562,-0.0017886978387832153,-0.004490749239921654
20151208,-0.0268675351142883,-0.00042268704622983044,-0.0070582592487336004,-0.029161732196807844,0.002781280875206127,-0.008710889220237661,-0.09005664065480223,-0.00035843528807177893,-0.01840498566627491
20151209,-0.02020222425460816,-0.02207561969757066,-0.007108591794967589,-0.015118553638458265,-0.016242028474807713,-0.0026361712813377514,-0.011989195346832404,-0.014518688917159905,-0.0051470369100570235
20151210,0.010080240964889464,0.0047569227218626775,-0.0025267452001571655,0.035750443935394394,-0.0032916000485420094,0.004796846508979824,0.01685393214225761,0.0052748012542722655,0.004065063595771745
20151211,-0.04536176204681397,-0.025738124847412114,-0.015832804441451964,-0.03900156021118151,-0.012657382488250657,-0.00935306966304772,-0.04044202804565433,-0.02189264774322497,-0.018954708576202406
20151212,0.0,0.0,0.0,0.0,0.0,0.0,0.0,0.0,0.0
20151213,0.0,0.0,0.0,0.0,0.0,0.0,0.0,0.0,0.0
20151214,-0.007602568268775922,-0.006184811592101824,0.00933070659637436,0.018262863159179465,0.016151113510131765,0.004622356593608767,0.008060942292213547,0.019977837800979614,-0.002063414305448541
20151215,0.019750941991806048,-0.017691947221756044,-0.016151357889175433,0.019330437183380234,-0.0032128819823266097,0.01938336730003365,0.010280944108963075,0.0010880950093268282,0.03214298486709577
20151216,0.01420344471931445,0.0076928508281706165,0.05367751598358139,0.018963857889175317,0.02170795202255249,0.010755664110183805,0.013116277456283632,0.016847970485687425,0.017118965387344476
20151217,-0.017129404544830362,-0.021196272373199543,-0.02921269893646239,-0.0209132099151611,-0.008704733252525299,-0.015296918153762662,-0.02879483222961432,-0.007660928368568576,-0.006804025769233557
20151218,-0.03226590156555176,-0.027069227695465048,0.001583717465400758,-0.02096790313720709,-0.016860837936401363,-0.016306469440460325,-0.017696831226348797,-0.028186573982238783,-0.030286784172058212
20151219,0.0,0.0,0.0,0.0,0.0,0.0,0.0,0.0,0.0
20151220,0.0,0.0,0.0,0.0,0.0,0.0,0.0,0.0,0.0
20151221,0.03188117980957039,0.012260781526565623,0.01149057865142833,0.030024015903473034,0.005218934416771015,-0.0036291074752807795,0.014740045070648078,0.012931773662567148,0.004276092350482985
20151222,0.011674774885177541,-0.0009317627549172425,0.024179337024688552,0.005635313987731871,0.008319970369338847,0.011124209165572996,0.003919718563556884,0.009483937025070333,0.005923584699630835
20151223,0.009208275675773647,0.012869577407837118,0.0024421514570713843,-0.00019313056021941222,0.0017990785837174172,0.0075942593812943215,-0.002296528667211639,0.008491439223289543,0.01288179993629468
20151224,0.012012112140655562,-0.005340294837951731,0.0035530009865760714,0.01005003809928895,-0.0034741535782814026,0.002222395390272247,0.010589121580123928,-0.002687372565269519,-0.003996838331222552
20151225,0.0,0.0,0.0,0.0,0.0,0.0,0.0,0.0,0.0
20151226,0.0,0.0,0.0,0.0,0.0,0.0,0.0,0.0,0.0
20151227,0.0,0.0,0.0,0.0,0.0,0.0,0.0,0.0,0.0
20151228,-0.01323902964591972,-0.01120051383972176,-0.004450763165950944,-0.005931832790374791,0.021414265632629492,-0.004820670485496614,-0.0018220178782939467,0.005029616951942373,-0.002554079294204703
20151229,0.00624576210975647,0.017974215745925948,0.009550929069519265,0.004234865009784761,0.014982576370239364,0.00784721791744225,0.011866475343704108,0.010723969936370814,0.011155828237533472
20151230,-0.016091884374618504,-0.013058724403381405,-0.006239886283874507,-0.019168105125427104,-0.00460969358682628,-0.00240315303206462,-0.022327251434326234,-0.004244128763675747,-0.007234472036361739
20151231,-0.01051394701004027,-0.019194978475570612,-0.009823791384697134,-0.009380413293838652,-0.015551104545593275,-0.010213817358016963,-0.006689931154250983,-0.014739866256713863,-0.009655652642249879
20160101,0.0,0.0,0.0,0.0,0.0,0.0,0.0,0.0,0.0
